round,position,fantateam,predicted_total
25,1,SPARROW,88.59
25,2,Temptation Haaland,87.93
25,3,Fc Cortomuso,87.17
25,4,EquipoA,86.44
25,5,Tana delle Tigri,86.44
25,6,FC Buttarighe,86.31
25,7,I COMPARI,86.28
25,8,TomMat-iga,86.19
25,9,Ipa Bali,85.76
25,10,XLiverpuh,85.74
25,11,Non troppo cattivi,85.27
25,12,Boiali,85.18
25,13,Concali Craboni FC,84.8
25,14,Nastro Azzurro,84.69
25,15,MARCIO TEAM,84.64
25,16,Pro secco,84.45
25,17,Lunarossa,84.43
25,18,Scarzooka,84.16
25,19,LosPollosHermanos,83.84
25,20,Pi-Ciaccio,83.78
25,21,A.C.TUA CUCS,83.73
25,22,SerSi-FC,83.67
25,23,LE 4 M,83.48
25,24,FC Spiaze,83.41
25,25,LEONE,83.27
25,26,Antibro,83.09
25,27,Real Mellandro,83.02
25,28,FC Plasmon,82.93
25,29,pacho team,82.83
25,30,OnlyFans,82.77
25,31,Collocolo Team,82.73
25,32,Plu-Team,82.69
25,33,BOBONE32,82.42
25,34,BARAKALLAHOUFIK,82.39
25,35,ROCKY 3,82.34
25,36,SPOSTATI,82.32
25,37,scarsenal,82.22
25,38,Riccardigno,82.19
25,39,F.C Pennic Hellas,82.17
25,40,DEEDPULLY,82.09
25,41,coach 71,81.89
25,42,BANDITI,81.88
25,43,Peaky Tunas,81.49
25,44,Leonte FC,81.47
25,45,ProPro Proibito,81.41
25,46,CLAN,81.39
25,47,FC Galli,81.23
25,48,AC DENTI,81.2
25,49,Due Amici al Var,81.19
25,50,Imperatori del culo,81.05
25,51,Sarzanello Team,81.01
25,52,Hellas merdona,81.0
25,53,I Cigni,80.99
25,54,SMOG,80.92
25,55,BinuSpuntu,80.8
25,56,CISCO TEAM,80.78
25,57,PEAKY BLINDERS,80.78
25,58,SPERA EBBASTA,80.63
25,59,i fratelli merda,80.56
25,60,mezzebirre,80.45
25,61,DonBosko46,80.22
25,62,Mapoitta,80.16
25,63,i bro,80.15
25,64,SILVEDO,80.09
25,65,ISGOPPAISI2,79.94
25,66,puerto rosso blu,79.79
25,67,Piovra73,79.75
25,68,Malmö FF,79.58
25,69,Lions,79.57
25,70,Sisal Palace,79.47
25,71,kalashnikov,79.31
25,72,Fc nipiri,79.21
25,73,buttiglia25,78.94
25,74,Sciabolata Classica,78.75
25,75,real donk,78.73
25,76,SAGATU,78.63
25,77,CuginiDiCampagna,78.2
25,78,KARABE 1975,78.09
25,79,Giubbentus,77.62
25,80,Longobarda,76.56
25,81,HeineKean,76.34
25,82,Evergreen,75.72
25,83,lagg,75.04
25,84,Kung-Fu Pandev,74.8
26,1,Fc Cortomuso,88.32
26,2,Non troppo cattivi,87.92
26,3,SPARROW,87.86
26,4,FC Plasmon,87.13
26,5,Ipa Bali,87.08
26,6,EquipoA,87.06
26,7,Temptation Haaland,86.81
26,8,MARCIO TEAM,86.66
26,9,LosPollosHermanos,86.48
26,10,TomMat-iga,86.36
26,11,FC Buttarighe,86.09
26,12,Imperatori del culo,85.94
26,13,Tana delle Tigri,85.57
26,14,Nastro Azzurro,85.21
26,15,DEEDPULLY,85.18
26,16,I COMPARI,84.84
26,17,Scarzooka,84.24
26,18,scarsenal,84.18
26,19,Antibro,84.13
26,20,BARAKALLAHOUFIK,84.13
26,21,Hellas merdona,83.68
26,22,Real Mellandro,83.57
26,23,Boiali,83.48
26,24,Due Amici al Var,83.39
26,25,coach 71,83.26
26,26,Leonte FC,82.96
26,27,Plu-Team,82.91
26,28,Lunarossa,82.83
26,29,FC Galli,82.79
26,30,A.C.TUA CUCS,82.64
26,31,ROCKY 3,82.64
26,32,CISCO TEAM,82.59
26,33,XLiverpuh,82.58
26,34,LEONE,82.54
26,35,CLAN,82.51
26,36,OnlyFans,82.27
26,37,FC Spiaze,82.23
26,38,SerSi-FC,82.1
26,39,LE 4 M,81.81
26,40,Collocolo Team,81.76
26,41,SPERA EBBASTA,81.75
26,42,Peaky Tunas,81.7
26,43,Concali Craboni FC,81.5
26,44,I Cigni,81.49
26,45,AC DENTI,81.4
26,46,BOBONE32,81.31
26,47,Pi-Ciaccio,81.26
26,48,mezzebirre,81.17
26,49,BANDITI,81.11
26,50,kalashnikov,80.96
26,51,DonBosko46,80.73
26,52,Pro secco,80.58
26,53,Malmö FF,80.53
26,54,SPOSTATI,80.47
26,55,CuginiDiCampagna,80.42
26,56,real donk,80.3
26,57,Sisal Palace,80.24
26,58,ISGOPPAISI2,80.16
26,59,SAGATU,80.01
26,60,Piovra73,79.98
26,61,SILVEDO,79.89
26,62,Sarzanello Team,79.85
26,63,Longobarda,79.84
26,64,i fratelli merda,79.69
26,65,Mapoitta,79.66
26,66,puerto rosso blu,79.6
26,67,PEAKY BLINDERS,79.48
26,68,Fc nipiri,79.26
26,69,F.C Pennic Hellas,79.07
26,70,Evergreen,79.03
26,71,SMOG,78.99
26,72,pacho team,78.92
26,73,KARABE 1975,78.81
26,74,buttiglia25,78.81
26,75,i bro,78.81
26,76,Giubbentus,78.53
26,77,Riccardigno,78.37
26,78,Sciabolata Classica,78.18
26,79,lagg,78.18
26,80,BinuSpuntu,77.93
26,81,Lions,77.93
26,82,Kung-Fu Pandev,77.48
26,83,ProPro Proibito,77.39
26,84,HeineKean,76.52
27,1,Temptation Haaland,88.95
27,2,SPARROW,88.83
27,3,FC Buttarighe,88.26
27,4,EquipoA,87.96
27,5,TomMat-iga,87.75
27,6,Fc Cortomuso,87.36
27,7,Tana delle Tigri,86.75
27,8,Ipa Bali,86.65
27,9,XLiverpuh,86.56
27,10,Non troppo cattivi,86.5
27,11,Boiali,86.35
27,12,I COMPARI,86.32
27,13,Scarzooka,86.23
27,14,LosPollosHermanos,86.08
27,15,MARCIO TEAM,85.93
27,16,Nastro Azzurro,85.44
27,17,FC Plasmon,85.3
27,18,Lunarossa,84.52
27,19,LE 4 M,84.41
27,20,Concali Craboni FC,84.26
27,21,Plu-Team,84.15
27,22,Pro secco,84.13
27,23,scarsenal,84.1
27,24,Real Mellandro,84.01
27,25,A.C.TUA CUCS,83.97
27,26,F.C Pennic Hellas,83.9
27,27,Due Amici al Var,83.78
27,28,FC Spiaze,83.54
27,29,LEONE,83.47
27,30,Imperatori del culo,83.39
27,31,Pi-Ciaccio,83.29
27,32,CLAN,83.24
27,33,Leonte FC,83.09
27,34,I Cigni,83.0
27,35,SerSi-FC,82.91
27,36,ISGOPPAISI2,82.9
27,37,coach 71,82.85
27,38,BOBONE32,82.84
27,39,BARAKALLAHOUFIK,82.74
27,40,pacho team,82.71
27,41,Antibro,82.59
27,42,Collocolo Team,82.37
27,43,Sarzanello Team,82.37
27,44,FC Galli,82.28
27,45,ROCKY 3,82.28
27,46,BANDITI,82.27
27,47,Peaky Tunas,82.19
27,48,CISCO TEAM,82.03
27,49,Hellas merdona,81.91
27,50,DEEDPULLY,81.66
27,51,AC DENTI,81.62
27,52,SPOSTATI,81.62
27,53,SPERA EBBASTA,81.43
27,54,OnlyFans,81.38
27,55,DonBosko46,81.3
27,56,Malmö FF,80.98
27,57,Mapoitta,80.92
27,58,BinuSpuntu,80.77
27,59,i bro,80.57
27,60,Riccardigno,80.52
27,61,mezzebirre,80.43
27,62,Sisal Palace,80.42
27,63,puerto rosso blu,80.4
27,64,i fratelli merda,80.38
27,65,ProPro Proibito,80.32
27,66,kalashnikov,80.27
27,67,PEAKY BLINDERS,80.22
27,68,Fc nipiri,80.02
27,69,CuginiDiCampagna,79.94
27,70,SMOG,79.89
27,71,Lions,79.81
27,72,SILVEDO,79.77
27,73,Piovra73,79.76
27,74,SAGATU,79.65
27,75,real donk,78.99
27,76,Sciabolata Classica,78.88
27,77,Longobarda,78.62
27,78,buttiglia25,78.59
27,79,KARABE 1975,78.3
27,80,Giubbentus,77.68
27,81,HeineKean,77.48
27,82,Evergreen,76.96
27,83,Kung-Fu Pandev,75.58
27,84,lagg,75.02
28,1,Temptation Haaland,87.08
28,2,Fc Cortomuso,86.9
28,3,TomMat-iga,86.45
28,4,SPARROW,86.38
28,5,LosPollosHermanos,85.94
28,6,EquipoA,85.83
28,7,MARCIO TEAM,85.64
28,8,Non troppo cattivi,85.29
28,9,FC Buttarighe,85.08
28,10,Ipa Bali,84.99
28,11,FC Plasmon,84.98
28,12,BARAKALLAHOUFIK,84.74
28,13,AC DENTI,84.7
28,14,Nastro Azzurro,84.7
28,15,Lunarossa,84.49
28,16,I COMPARI,84.41
28,17,Imperatori del culo,84.19
28,18,scarsenal,84.09
28,19,SerSi-FC,83.95
28,20,Tana delle Tigri,83.93
28,21,CLAN,83.76
28,22,Leonte FC,83.61
28,23,FC Spiaze,83.55
28,24,XLiverpuh,83.44
28,25,Real Mellandro,83.23
28,26,Scarzooka,83.09
28,27,Due Amici al Var,83.06
28,28,Pro secco,82.99
28,29,DonBosko46,82.8
28,30,Boiali,82.79
28,31,A.C.TUA CUCS,82.78
28,32,Concali Craboni FC,82.52
28,33,DEEDPULLY,82.38
28,34,LE 4 M,82.36
28,35,pacho team,82.22
28,36,FC Galli,82.14
28,37,i bro,82.04
28,38,kalashnikov,82.04
28,39,Pi-Ciaccio,81.91
28,40,coach 71,81.73
28,41,ISGOPPAISI2,81.62
28,42,SPOSTATI,81.54
28,43,Collocolo Team,81.15
28,44,mezzebirre,81.15
28,45,Mapoitta,81.09
28,46,Hellas merdona,81.06
28,47,Plu-Team,81.04
28,48,OnlyFans,81.02
28,49,Sisal Palace,81.02
28,50,buttiglia25,81.02
28,51,Peaky Tunas,80.85
28,52,Antibro,80.84
28,53,PEAKY BLINDERS,80.83
28,54,Piovra73,80.66
28,55,SPERA EBBASTA,80.5
28,56,CISCO TEAM,80.49
28,57,BinuSpuntu,80.45
28,58,HeineKean,80.41
28,59,I Cigni,80.39
28,60,puerto rosso blu,80.31
28,61,SAGATU,80.2
28,62,Lions,80.19
28,63,LEONE,80.09
28,64,BOBONE32,80.03
28,65,ROCKY 3,80.01
28,66,CuginiDiCampagna,79.98
28,67,real donk,79.93
28,68,F.C Pennic Hellas,79.87
28,69,ProPro Proibito,79.84
28,70,KARABE 1975,79.8
28,71,Sciabolata Classica,79.77
28,72,SMOG,79.66
28,73,Riccardigno,79.59
28,74,Fc nipiri,79.56
28,75,Giubbentus,79.4
28,76,BANDITI,79.39
28,77,Sarzanello Team,79.1
28,78,Longobarda,79.08
28,79,i fratelli merda,79.08
28,80,lagg,78.87
28,81,Kung-Fu Pandev,78.76
28,82,Malmö FF,78.41
28,83,SILVEDO,78.41
28,84,Evergreen,77.93
29,1,Temptation Haaland,86.64
29,2,SPARROW,86.57
29,3,EquipoA,85.81
29,4,Ipa Bali,85.61
29,5,Fc Cortomuso,85.28
29,6,TomMat-iga,85.27
29,7,Tana delle Tigri,85.17
29,8,FC Buttarighe,84.99
29,9,XLiverpuh,84.53
29,10,Non troppo cattivi,84.36
29,11,MARCIO TEAM,83.91
29,12,Lunarossa,83.88
29,13,LosPollosHermanos,83.8
29,14,I COMPARI,83.63
29,15,Nastro Azzurro,83.4
29,16,Concali Craboni FC,83.32
29,17,Pro secco,83.05
29,18,FC Spiaze,83.03
29,19,Boiali,82.99
29,20,LE 4 M,82.78
29,21,Antibro,82.77
29,22,Scarzooka,82.73
29,23,pacho team,82.72
29,24,FC Plasmon,82.69
29,25,AC DENTI,82.45
29,26,F.C Pennic Hellas,82.41
29,27,A.C.TUA CUCS,82.37
29,28,LEONE,82.23
29,29,Pi-Ciaccio,82.13
29,30,CLAN,81.99
29,31,Real Mellandro,81.84
29,32,Peaky Tunas,81.76
29,33,SerSi-FC,81.75
29,34,Imperatori del culo,81.69
29,35,Leonte FC,81.58
29,36,BOBONE32,81.55
29,37,scarsenal,81.52
29,38,coach 71,81.45
29,39,Plu-Team,81.26
29,40,FC Galli,81.21
29,41,Due Amici al Var,81.07
29,42,I Cigni,81.01
29,43,ROCKY 3,80.87
29,44,OnlyFans,80.85
29,45,Collocolo Team,80.83
29,46,SPOSTATI,80.72
29,47,ISGOPPAISI2,80.7
29,48,DonBosko46,80.59
29,49,Piovra73,80.56
29,50,Malmö FF,80.41
29,51,BinuSpuntu,80.4
29,52,DEEDPULLY,80.35
29,53,CISCO TEAM,80.21
29,54,ProPro Proibito,80.21
29,55,SILVEDO,80.1
29,56,Hellas merdona,80.07
29,57,Sarzanello Team,79.96
29,58,BARAKALLAHOUFIK,79.94
29,59,i bro,79.91
29,60,SPERA EBBASTA,79.87
29,61,Sciabolata Classica,79.87
29,62,Fc nipiri,79.82
29,63,buttiglia25,79.79
29,64,PEAKY BLINDERS,79.77
29,65,Sisal Palace,79.73
29,66,SMOG,79.54
29,67,BANDITI,79.52
29,68,SAGATU,79.51
29,69,mezzebirre,79.47
29,70,Riccardigno,79.32
29,71,Mapoitta,79.11
29,72,kalashnikov,79.01
29,73,puerto rosso blu,78.97
29,74,i fratelli merda,78.73
29,75,HeineKean,78.11
29,76,Lions,78.07
29,77,Longobarda,77.9
29,78,CuginiDiCampagna,77.47
29,79,Evergreen,77.4
29,80,Giubbentus,77.09
29,81,real donk,76.98
29,82,KARABE 1975,76.9
29,83,Kung-Fu Pandev,75.93
29,84,lagg,75.12
30,1,Temptation Haaland,90.61
30,2,Fc Cortomuso,89.7
30,3,EquipoA,89.23
30,4,SPARROW,89.02
30,5,TomMat-iga,88.99
30,6,FC Buttarighe,88.48
30,7,I COMPARI,88.41
30,8,Ipa Bali,87.98
30,9,Nastro Azzurro,87.91
30,10,Non troppo cattivi,87.85
30,11,Scarzooka,87.33
30,12,FC Plasmon,87.21
30,13,LosPollosHermanos,86.96
30,14,Tana delle Tigri,86.95
30,15,A.C.TUA CUCS,86.91
30,16,XLiverpuh,86.64
30,17,MARCIO TEAM,86.57
30,18,Lunarossa,86.54
30,19,Boiali,86.52
30,20,BARAKALLAHOUFIK,86.27
30,21,scarsenal,86.13
30,22,Real Mellandro,85.71
30,23,SerSi-FC,85.66
30,24,Plu-Team,85.37
30,25,Hellas merdona,85.36
30,26,Imperatori del culo,85.31
30,27,FC Galli,85.08
30,28,Pi-Ciaccio,84.98
30,29,Pro secco,84.81
30,30,coach 71,84.66
30,31,DEEDPULLY,84.62
30,32,Leonte FC,84.57
30,33,FC Spiaze,84.51
30,34,CLAN,84.39
30,35,BANDITI,84.31
30,36,Due Amici al Var,84.29
30,37,Concali Craboni FC,84.23
30,38,AC DENTI,84.09
30,39,mezzebirre,84.07
30,40,BOBONE32,84.03
30,41,pacho team,83.89
30,42,Peaky Tunas,83.79
30,43,ROCKY 3,83.77
30,44,Antibro,83.75
30,45,Collocolo Team,83.73
30,46,LE 4 M,83.7
30,47,Mapoitta,83.57
30,48,real donk,83.44
30,49,DonBosko46,83.42
30,50,CISCO TEAM,83.35
30,51,LEONE,83.33
30,52,Sisal Palace,83.33
30,53,ISGOPPAISI2,83.27
30,54,PEAKY BLINDERS,83.04
30,55,Sarzanello Team,83.04
30,56,SPERA EBBASTA,83.0
30,57,SPOSTATI,82.73
30,58,Lions,82.49
30,59,puerto rosso blu,82.47
30,60,OnlyFans,82.36
30,61,kalashnikov,82.36
30,62,i bro,82.26
30,63,Riccardigno,82.13
30,64,i fratelli merda,82.07
30,65,I Cigni,81.97
30,66,SAGATU,81.32
30,67,SMOG,81.26
30,68,CuginiDiCampagna,81.02
30,69,lagg,81.01
30,70,BinuSpuntu,80.91
30,71,Malmö FF,80.7
30,72,Giubbentus,80.57
30,73,buttiglia25,80.56
30,74,KARABE 1975,80.55
30,75,ProPro Proibito,80.45
30,76,F.C Pennic Hellas,80.32
30,77,Fc nipiri,80.05
30,78,HeineKean,79.66
30,79,Piovra73,79.57
30,80,SILVEDO,79.4
30,81,Longobarda,79.07
30,82,Evergreen,78.53
30,83,Kung-Fu Pandev,78.47
30,84,Sciabolata Classica,78.42
31,1,Temptation Haaland,86.17
31,2,SPARROW,86.15
31,3,Tana delle Tigri,84.93
31,4,LosPollosHermanos,84.36
31,5,EquipoA,84.02
31,6,FC Buttarighe,84.02
31,7,TomMat-iga,83.85
31,8,Fc Cortomuso,83.63
31,9,XLiverpuh,83.62
31,10,Ipa Bali,83.4
31,11,MARCIO TEAM,83.39
31,12,Non troppo cattivi,83.38
31,13,Nastro Azzurro,83.34
31,14,Concali Craboni FC,83.31
31,15,Lunarossa,83.18
31,16,AC DENTI,83.05
31,17,FC Plasmon,82.99
31,18,I COMPARI,82.66
31,19,A.C.TUA CUCS,82.6
31,20,Scarzooka,82.56
31,21,LE 4 M,82.5
31,22,pacho team,82.06
31,23,Real Mellandro,81.96
31,24,Antibro,81.87
31,25,FC Spiaze,81.83
31,26,Peaky Tunas,81.76
31,27,Imperatori del culo,81.73
31,28,Boiali,81.67
31,29,Pi-Ciaccio,81.32
31,30,Leonte FC,81.3
31,31,LEONE,81.24
31,32,Pro secco,81.17
31,33,Plu-Team,81.14
31,34,scarsenal,81.1
31,35,F.C Pennic Hellas,80.83
31,36,Due Amici al Var,80.8
31,37,OnlyFans,80.79
31,38,FC Galli,80.74
31,39,Fc nipiri,80.52
31,40,SerSi-FC,80.44
31,41,BinuSpuntu,80.43
31,42,I Cigni,80.35
31,43,DEEDPULLY,80.31
31,44,DonBosko46,80.26
31,45,CISCO TEAM,80.25
31,46,BOBONE32,80.24
31,47,ISGOPPAISI2,80.2
31,48,CLAN,80.19
31,49,Sarzanello Team,80.18
31,50,SAGATU,80.06
31,51,BARAKALLAHOUFIK,80.05
31,52,i bro,80.05
31,53,i fratelli merda,80.05
31,54,Sisal Palace,79.97
31,55,Collocolo Team,79.89
31,56,Mapoitta,79.85
31,57,SPERA EBBASTA,79.73
31,58,coach 71,79.68
31,59,buttiglia25,79.49
31,60,SPOSTATI,79.4
31,61,PEAKY BLINDERS,79.38
31,62,Hellas merdona,79.36
31,63,Piovra73,79.3
31,64,CuginiDiCampagna,79.18
31,65,kalashnikov,79.02
31,66,Sciabolata Classica,78.93
31,67,SMOG,78.92
31,68,Malmö FF,78.85
31,69,Riccardigno,78.81
31,70,SILVEDO,78.69
31,71,ProPro Proibito,78.68
31,72,BANDITI,78.66
31,73,Lions,78.65
31,74,ROCKY 3,78.47
31,75,Giubbentus,78.13
31,76,HeineKean,78.09
31,77,puerto rosso blu,77.67
31,78,Longobarda,77.56
31,79,mezzebirre,77.48
31,80,KARABE 1975,77.46
31,81,Evergreen,77.36
31,82,Kung-Fu Pandev,76.99
31,83,real donk,76.94
31,84,lagg,75.9
32,1,Fc Cortomuso,89.1
32,2,Temptation Haaland,87.15
32,3,EquipoA,87.11
32,4,Non troppo cattivi,86.74
32,5,Ipa Bali,86.72
32,6,TomMat-iga,86.72
32,7,MARCIO TEAM,86.43
32,8,SPARROW,86.43
32,9,FC Plasmon,86.42
32,10,FC Buttarighe,86.3
32,11,I COMPARI,86.24
32,12,Nastro Azzurro,85.79
32,13,BARAKALLAHOUFIK,85.24
32,14,Imperatori del culo,84.13
32,15,Tana delle Tigri,84.11
32,16,LosPollosHermanos,84.06
32,17,Hellas merdona,83.94
32,18,DEEDPULLY,83.89
32,19,Boiali,83.78
32,20,scarsenal,83.77
32,21,Scarzooka,83.72
32,22,Antibro,83.52
32,23,CLAN,83.46
32,24,SerSi-FC,83.31
32,25,Lunarossa,83.11
32,26,coach 71,82.94
32,27,Leonte FC,82.72
32,28,Real Mellandro,82.72
32,29,Due Amici al Var,82.68
32,30,XLiverpuh,82.63
32,31,FC Spiaze,82.26
32,32,mezzebirre,82.22
32,33,Concali Craboni FC,82.2
32,34,CISCO TEAM,82.19
32,35,ROCKY 3,82.18
32,36,LEONE,82.1
32,37,Plu-Team,82.04
32,38,Pro secco,81.91
32,39,OnlyFans,81.88
32,40,Collocolo Team,81.87
32,41,BANDITI,81.74
32,42,Pi-Ciaccio,81.72
32,43,SPOSTATI,81.72
32,44,FC Galli,81.6
32,45,A.C.TUA CUCS,81.54
32,46,SPERA EBBASTA,80.98
32,47,I Cigni,80.83
32,48,BOBONE32,80.81
32,49,DonBosko46,80.67
32,50,LE 4 M,80.64
32,51,Peaky Tunas,80.54
32,52,AC DENTI,80.49
32,53,real donk,80.49
32,54,kalashnikov,80.32
32,55,ISGOPPAISI2,80.31
32,56,puerto rosso blu,80.24
32,57,Riccardigno,79.59
32,58,Malmö FF,79.13
32,59,PEAKY BLINDERS,79.08
32,60,i bro,79.07
32,61,Mapoitta,79.05
32,62,Lions,78.99
32,63,pacho team,78.98
32,64,Longobarda,78.83
32,65,SMOG,78.57
32,66,Piovra73,78.56
32,67,Sarzanello Team,78.56
32,68,i fratelli merda,78.48
32,69,Sisal Palace,78.28
32,70,ProPro Proibito,78.17
32,71,SILVEDO,78.16
32,72,KARABE 1975,78.08
32,73,buttiglia25,78.04
32,74,Sciabolata Classica,78.02
32,75,CuginiDiCampagna,77.98
32,76,F.C Pennic Hellas,77.87
32,77,BinuSpuntu,77.76
32,78,lagg,77.5
32,79,SAGATU,77.45
32,80,Fc nipiri,77.24
32,81,Kung-Fu Pandev,77.16
32,82,Giubbentus,76.73
32,83,Evergreen,76.21
32,84,HeineKean,75.92
33,1,SPARROW,88.63
33,2,Temptation Haaland,88.55
33,3,FC Buttarighe,87.65
33,4,TomMat-iga,87.32
33,5,Tana delle Tigri,87.04
33,6,Fc Cortomuso,86.97
33,7,EquipoA,86.76
33,8,Ipa Bali,86.63
33,9,Non troppo cattivi,86.42
33,10,I COMPARI,86.14
33,11,Nastro Azzurro,86.06
33,12,LosPollosHermanos,85.79
33,13,XLiverpuh,85.53
33,14,FC Plasmon,85.52
33,15,Lunarossa,85.3
33,16,A.C.TUA CUCS,85.0
33,17,MARCIO TEAM,84.89
33,18,Real Mellandro,84.68
33,19,LE 4 M,84.49
33,20,Scarzooka,84.32
33,21,AC DENTI,84.27
33,22,Imperatori del culo,84.22
33,23,Plu-Team,84.09
33,24,Boiali,84.07
33,25,Leonte FC,83.78
33,26,Peaky Tunas,83.69
33,27,Concali Craboni FC,83.54
33,28,pacho team,83.52
33,29,scarsenal,83.49
33,30,coach 71,83.43
33,31,Due Amici al Var,83.42
33,32,Pi-Ciaccio,83.42
33,33,CLAN,83.39
33,34,FC Galli,83.34
33,35,Hellas merdona,83.11
33,36,FC Spiaze,83.06
33,37,Sarzanello Team,82.88
33,38,Antibro,82.64
33,39,Pro secco,82.6
33,40,DonBosko46,82.47
33,41,F.C Pennic Hellas,82.29
33,42,LEONE,82.26
33,43,BOBONE32,82.23
33,44,OnlyFans,82.03
33,45,Sisal Palace,81.95
33,46,BANDITI,81.78
33,47,Collocolo Team,81.69
33,48,ISGOPPAISI2,81.69
33,49,Malmö FF,81.67
33,50,PEAKY BLINDERS,81.65
33,51,CISCO TEAM,81.62
33,52,SerSi-FC,81.53
33,53,I Cigni,81.49
33,54,SAGATU,81.38
33,55,i bro,81.22
33,56,SPERA EBBASTA,81.18
33,57,BinuSpuntu,81.15
33,58,ROCKY 3,80.77
33,59,Fc nipiri,80.69
33,60,buttiglia25,80.69
33,61,DEEDPULLY,80.65
33,62,i fratelli merda,80.63
33,63,Mapoitta,80.55
33,64,SPOSTATI,80.48
33,65,BARAKALLAHOUFIK,80.41
33,66,mezzebirre,80.13
33,67,ProPro Proibito,80.11
33,68,Piovra73,79.97
33,69,SMOG,79.7
33,70,HeineKean,79.45
33,71,kalashnikov,79.44
33,72,Sciabolata Classica,79.42
33,73,Giubbentus,79.41
33,74,Riccardigno,79.39
33,75,Lions,79.32
33,76,real donk,79.14
33,77,CuginiDiCampagna,79.07
33,78,SILVEDO,78.94
33,79,Longobarda,78.75
33,80,puerto rosso blu,78.37
33,81,Kung-Fu Pandev,78.03
33,82,Evergreen,77.5
33,83,KARABE 1975,76.16
33,84,lagg,76.03
34,1,Temptation Haaland,87.59
34,2,Fc Cortomuso,86.91
34,3,SPARROW,86.8
34,4,TomMat-iga,85.9
34,5,FC Buttarighe,85.85
34,6,Ipa Bali,85.4
34,7,I COMPARI,85.33
34,8,Non troppo cattivi,85.32
34,9,Tana delle Tigri,85.23
34,10,FC Plasmon,85.18
34,11,EquipoA,85.08
34,12,Nastro Azzurro,84.84
34,13,MARCIO TEAM,84.65
34,14,LosPollosHermanos,83.87
34,15,Lunarossa,83.81
34,16,Collocolo Team,83.78
34,17,Imperatori del culo,83.68
34,18,XLiverpuh,83.68
34,19,Scarzooka,83.62
34,20,FC Spiaze,83.46
34,21,Leonte FC,83.09
34,22,Boiali,82.95
34,23,Concali Craboni FC,82.85
34,24,Pro secco,82.75
34,25,SerSi-FC,82.66
34,26,CLAN,82.63
34,27,LE 4 M,82.6
34,28,Antibro,82.53
34,29,FC Galli,82.46
34,30,A.C.TUA CUCS,82.05
34,31,SPOSTATI,81.94
34,32,SPERA EBBASTA,81.92
34,33,Plu-Team,81.83
34,34,AC DENTI,81.76
34,35,Due Amici al Var,81.76
34,36,scarsenal,81.76
34,37,BARAKALLAHOUFIK,81.71
34,38,Hellas merdona,81.71
34,39,OnlyFans,81.71
34,40,Real Mellandro,81.69
34,41,I Cigni,81.68
34,42,DonBosko46,81.52
34,43,coach 71,81.45
34,44,ISGOPPAISI2,81.39
34,45,Pi-Ciaccio,81.37
34,46,BOBONE32,81.29
34,47,DEEDPULLY,81.11
34,48,Peaky Tunas,81.09
34,49,F.C Pennic Hellas,81.01
34,50,BANDITI,80.89
34,51,BinuSpuntu,80.87
34,52,CISCO TEAM,80.76
34,53,ROCKY 3,80.7
34,54,pacho team,80.6
34,55,kalashnikov,80.37
34,56,mezzebirre,80.3
34,57,i bro,80.19
34,58,LEONE,80.16
34,59,i fratelli merda,79.97
34,60,puerto rosso blu,79.93
34,61,buttiglia25,79.9
34,62,PEAKY BLINDERS,79.8
34,63,Sciabolata Classica,79.77
34,64,Malmö FF,79.57
34,65,ProPro Proibito,79.55
34,66,Lions,79.48
34,67,Mapoitta,79.35
34,68,Piovra73,79.31
34,69,Riccardigno,79.17
34,70,SMOG,79.12
34,71,Sisal Palace,78.96
34,72,SAGATU,78.74
34,73,KARABE 1975,78.66
34,74,Longobarda,78.55
34,75,Sarzanello Team,78.5
34,76,HeineKean,78.42
34,77,CuginiDiCampagna,78.38
34,78,Fc nipiri,78.37
34,79,real donk,77.58
34,80,Evergreen,77.08
34,81,SILVEDO,77.0
34,82,Giubbentus,76.75
34,83,Kung-Fu Pandev,76.48
34,84,lagg,75.81
35,1,Temptation Haaland,89.48
35,2,SPARROW,89.41
35,3,EquipoA,88.99
35,4,LosPollosHermanos,88.98
35,5,FC Buttarighe,87.43
35,6,TomMat-iga,87.35
35,7,Non troppo cattivi,87.26
35,8,Scarzooka,86.92
35,9,Fc Cortomuso,86.81
35,10,FC Plasmon,86.66
35,11,Nastro Azzurro,86.66
35,12,Tana delle Tigri,86.59
35,13,I COMPARI,86.43
35,14,MARCIO TEAM,86.12
35,15,XLiverpuh,86.08
35,16,scarsenal,85.79
35,17,Boiali,85.76
35,18,Real Mellandro,85.71
35,19,Ipa Bali,85.48
35,20,Due Amici al Var,85.19
35,21,A.C.TUA CUCS,85.18
35,22,Imperatori del culo,85.04
35,23,Plu-Team,84.83
35,24,BARAKALLAHOUFIK,84.57
35,25,LE 4 M,84.54
35,26,DEEDPULLY,84.22
35,27,Lunarossa,84.19
35,28,Sarzanello Team,84.04
35,29,Concali Craboni FC,83.82
35,30,AC DENTI,83.71
35,31,Peaky Tunas,83.66
35,32,Pi-Ciaccio,83.66
35,33,LEONE,83.59
35,34,coach 71,83.35
35,35,pacho team,83.24
35,36,Leonte FC,83.2
35,37,Sisal Palace,83.19
35,38,CISCO TEAM,83.15
35,39,Hellas merdona,83.14
35,40,Antibro,83.07
35,41,F.C Pennic Hellas,83.05
35,42,CLAN,82.96
35,43,FC Spiaze,82.85
35,44,FC Galli,82.84
35,45,Mapoitta,82.51
35,46,ISGOPPAISI2,82.29
35,47,SerSi-FC,82.14
35,48,I Cigni,82.1
35,49,Pro secco,82.04
35,50,BANDITI,81.97
35,51,SAGATU,81.87
35,52,DonBosko46,81.84
35,53,ROCKY 3,81.72
35,54,real donk,81.64
35,55,CuginiDiCampagna,81.59
35,56,OnlyFans,81.32
35,57,mezzebirre,81.22
35,58,SMOG,81.19
35,59,PEAKY BLINDERS,81.1
35,60,i fratelli merda,81.1
35,61,SILVEDO,80.96
35,62,Fc nipiri,80.95
35,63,BOBONE32,80.94
35,64,Giubbentus,80.74
35,65,kalashnikov,80.7
35,66,Malmö FF,80.49
35,67,i bro,80.33
35,68,BinuSpuntu,80.21
35,69,Lions,80.08
35,70,SPERA EBBASTA,80.04
35,71,ProPro Proibito,79.84
35,72,Riccardigno,79.63
35,73,Collocolo Team,79.49
35,74,Piovra73,79.28
35,75,SPOSTATI,79.22
35,76,Longobarda,79.14
35,77,buttiglia25,78.98
35,78,puerto rosso blu,78.86
35,79,Evergreen,78.69
35,80,Kung-Fu Pandev,78.63
35,81,Sciabolata Classica,78.4
35,82,KARABE 1975,77.93
35,83,HeineKean,77.89
35,84,lagg,77.73
36,1,Temptation Haaland,87.23
36,2,SPARROW,86.52
36,3,Fc Cortomuso,86.05
36,4,Ipa Bali,85.24
36,5,FC Buttarighe,85.08
36,6,TomMat-iga,84.94
36,7,Non troppo cattivi,84.84
36,8,I COMPARI,84.81
36,9,EquipoA,84.8
36,10,Tana delle Tigri,84.74
36,11,Nastro Azzurro,84.68
36,12,MARCIO TEAM,84.52
36,13,Lunarossa,84.38
36,14,XLiverpuh,84.07
36,15,Concali Craboni FC,84.06
36,16,FC Plasmon,83.72
36,17,Pro secco,83.37
36,18,Imperatori del culo,83.22
36,19,Leonte FC,83.13
36,20,Antibro,83.1
36,21,FC Spiaze,82.81
36,22,LosPollosHermanos,82.75
36,23,SerSi-FC,82.74
36,24,Boiali,82.59
36,25,CLAN,82.58
36,26,Pi-Ciaccio,82.5
36,27,AC DENTI,82.48
36,28,Scarzooka,82.46
36,29,LEONE,82.4
36,30,LE 4 M,82.37
36,31,Collocolo Team,82.27
36,32,Due Amici al Var,81.89
36,33,A.C.TUA CUCS,81.88
36,34,SPOSTATI,81.83
36,35,DEEDPULLY,81.8
36,36,coach 71,81.78
36,37,BARAKALLAHOUFIK,81.73
36,38,DonBosko46,81.68
36,39,Hellas merdona,81.64
36,40,SPERA EBBASTA,81.63
36,41,FC Galli,81.57
36,42,Real Mellandro,81.54
36,43,scarsenal,81.39
36,44,Peaky Tunas,81.16
36,45,CISCO TEAM,81.06
36,46,pacho team,81.04
36,47,I Cigni,81.01
36,48,ISGOPPAISI2,80.85
36,49,OnlyFans,80.82
36,50,Riccardigno,80.81
36,51,BOBONE32,80.67
36,52,kalashnikov,80.66
36,53,BinuSpuntu,80.58
36,54,Plu-Team,80.57
36,55,ROCKY 3,80.49
36,56,mezzebirre,80.41
36,57,Piovra73,80.37
36,58,F.C Pennic Hellas,80.19
36,59,PEAKY BLINDERS,80.07
36,60,i bro,79.95
36,61,ProPro Proibito,79.93
36,62,SAGATU,79.93
36,63,SMOG,79.89
36,64,puerto rosso blu,79.83
36,65,buttiglia25,79.79
36,66,Sciabolata Classica,79.61
36,67,BANDITI,79.56
36,68,Sisal Palace,79.46
36,69,Longobarda,79.44
36,70,Malmö FF,79.34
36,71,Lions,79.13
36,72,Mapoitta,79.01
36,73,HeineKean,78.84
36,74,real donk,78.68
36,75,i fratelli merda,78.53
36,76,Sarzanello Team,78.23
36,77,KARABE 1975,78.19
36,78,CuginiDiCampagna,77.93
36,79,SILVEDO,77.91
36,80,Kung-Fu Pandev,77.4
36,81,Evergreen,76.29
36,82,Fc nipiri,76.28
36,83,Giubbentus,76.24
36,84,lagg,75.78
37,1,SPARROW,90.98
37,2,Temptation Haaland,90.11
37,3,EquipoA,89.16
37,4,FC Buttarighe,89.09
37,5,XLiverpuh,88.72
37,6,LosPollosHermanos,88.16
37,7,Tana delle Tigri,88.11
37,8,TomMat-iga,88.09
37,9,Fc Cortomuso,87.8
37,10,Non troppo cattivi,87.75
37,11,Ipa Bali,87.72
37,12,Scarzooka,87.42
37,13,I COMPARI,87.1
37,14,MARCIO TEAM,87.05
37,15,Nastro Azzurro,86.86
37,16,Lunarossa,86.67
37,17,FC Plasmon,86.66
37,18,A.C.TUA CUCS,86.37
37,19,LE 4 M,86.37
37,20,scarsenal,85.9
37,21,Boiali,85.84
37,22,Concali Craboni FC,85.81
37,23,Antibro,85.44
37,24,LEONE,85.44
37,25,Plu-Team,85.43
37,26,pacho team,85.19
37,27,FC Spiaze,85.1
37,28,Real Mellandro,85.02
37,29,Pi-Ciaccio,84.97
37,30,Peaky Tunas,84.91
37,31,AC DENTI,84.76
37,32,DEEDPULLY,84.72
37,33,FC Galli,84.71
37,34,Leonte FC,84.7
37,35,F.C Pennic Hellas,84.57
37,36,Sarzanello Team,84.54
37,37,Imperatori del culo,84.35
37,38,CISCO TEAM,84.32
37,39,CLAN,84.22
37,40,Due Amici al Var,84.2
37,41,SerSi-FC,84.07
37,42,ISGOPPAISI2,83.98
37,43,Pro secco,83.97
37,44,ROCKY 3,83.92
37,45,Hellas merdona,83.91
37,46,coach 71,83.83
37,47,BARAKALLAHOUFIK,83.71
37,48,I Cigni,83.63
37,49,Sisal Palace,83.6
37,50,Mapoitta,83.5
37,51,OnlyFans,83.3
37,52,BOBONE32,83.29
37,53,i fratelli merda,82.99
37,54,BANDITI,82.93
37,55,real donk,82.81
37,56,DonBosko46,82.74
37,57,SPOSTATI,82.63
37,58,Fc nipiri,82.45
37,59,Malmö FF,82.42
37,60,SMOG,82.42
37,61,i bro,82.41
37,62,ProPro Proibito,82.24
37,63,SAGATU,82.19
37,64,SPERA EBBASTA,82.02
37,65,PEAKY BLINDERS,81.97
37,66,puerto rosso blu,81.8
37,67,BinuSpuntu,81.56
37,68,Giubbentus,81.35
37,69,SILVEDO,81.3
37,70,Collocolo Team,81.29
37,71,CuginiDiCampagna,81.27
37,72,Lions,81.2
37,73,mezzebirre,81.16
37,74,Riccardigno,80.99
37,75,kalashnikov,80.97
37,76,Piovra73,80.88
37,77,buttiglia25,80.86
37,78,Sciabolata Classica,80.24
37,79,HeineKean,80.2
37,80,KARABE 1975,80.06
37,81,Evergreen,79.72
37,82,Longobarda,79.52
37,83,Kung-Fu Pandev,79.06
37,84,lagg,78.13
38,1,Temptation Haaland,87.85
38,2,Fc Cortomuso,87.7
38,3,Non troppo cattivi,87.27
38,4,SPARROW,86.64
38,5,TomMat-iga,86.62
38,6,Ipa Bali,86.53
38,7,FC Buttarighe,86.48
38,8,I COMPARI,85.59
38,9,EquipoA,85.4
38,10,Nastro Azzurro,85.37
38,11,Tana delle Tigri,85.18
38,12,FC Plasmon,85.08
38,13,Lunarossa,85.0
38,14,Leonte FC,84.88
38,15,MARCIO TEAM,84.82
38,16,LosPollosHermanos,84.61
38,17,Imperatori del culo,84.12
38,18,Scarzooka,84.12
38,19,XLiverpuh,83.95
38,20,CLAN,83.68
38,21,A.C.TUA CUCS,83.63
38,22,scarsenal,83.53
38,23,FC Spiaze,83.47
38,24,Boiali,83.41
38,25,SerSi-FC,83.35
38,26,Collocolo Team,83.28
38,27,AC DENTI,83.22
38,28,Real Mellandro,83.21
38,29,Pro secco,83.17
38,30,FC Galli,83.13
38,31,DonBosko46,83.12
38,32,Concali Craboni FC,82.67
38,33,Plu-Team,82.54
38,34,Hellas merdona,82.53
38,35,Antibro,82.5
38,36,SPOSTATI,82.4
38,37,Due Amici al Var,82.34
38,38,LE 4 M,82.09
38,39,coach 71,81.98
38,40,Pi-Ciaccio,81.96
38,41,BARAKALLAHOUFIK,81.9
38,42,I Cigni,81.78
38,43,SPERA EBBASTA,81.77
38,44,BOBONE32,81.75
38,45,Peaky Tunas,81.71
38,46,mezzebirre,81.7
38,47,pacho team,81.31
38,48,DEEDPULLY,81.3
38,49,OnlyFans,81.17
38,50,BANDITI,81.15
38,51,ISGOPPAISI2,81.15
38,52,i bro,81.1
38,53,PEAKY BLINDERS,81.07
38,54,buttiglia25,81.02
38,55,BinuSpuntu,80.83
38,56,F.C Pennic Hellas,80.62
38,57,Sisal Palace,80.62
38,58,ROCKY 3,80.46
38,59,CISCO TEAM,80.42
38,60,Lions,80.38
38,61,LEONE,80.16
38,62,kalashnikov,80.1
38,63,Malmö FF,80.04
38,64,Mapoitta,79.97
38,65,Piovra73,79.85
38,66,real donk,79.72
38,67,i fratelli merda,79.65
38,68,HeineKean,79.57
38,69,puerto rosso blu,79.51
38,70,Sciabolata Classica,79.47
38,71,SAGATU,79.32
38,72,Sarzanello Team,79.22
38,73,Riccardigno,79.1
38,74,CuginiDiCampagna,78.82
38,75,Longobarda,78.82
38,76,Giubbentus,78.54
38,77,ProPro Proibito,78.51
38,78,Fc nipiri,78.15
38,79,SMOG,78.05
38,80,KARABE 1975,77.98
38,81,Kung-Fu Pandev,77.59
38,82,SILVEDO,76.69
38,83,lagg,76.62
38,84,Evergreen,76.58
