Team,Giocatore,Ruolo,Squadra,PrezzoAcquisto,PrezzoAttuale
ProPro Proibito,Di Gennaro,P,Int,1,1
ProPro Proibito,Sommer,P,Int,16,16
ProPro Proibito,Martinez Jo.,P,Int,2,2
ProPro Proibito,Luperto,D,Cag,7,7
ProPro Proibito,Pezzella Giu.,D,Cre,5,5
ProPro Proibito,Rrahmani,D,Nap,11,11
ProPro Proibito,Bradaric,D,Ver,4,4
ProPro Proibito,Valeri,D,Par,10,10
ProPro Proibito,Tiago Gabriel,D,Lec,1,1
ProPro Proibito,Joao Mario,D,Juv,8,8
ProPro Proibito,Cristante,C,Rom,9,9
ProPro Proibito,Zaniolo,C,Udi,15,15
ProPro Proibito,McTominay,C,Nap,26,26
ProPro Proibito,Zalewski,C,Ata,7,7
ProPro Proibito,Thuram K.,C,Juv,16,16
ProPro Proibito,Folorunsho,C,Cag,9,9
ProPro Proibito,Paz N.,C,Com,20,20
ProPro Proibito,Hojholt,C,Pis,1,1
ProPro Proibito,Bonazzoli,A,Cre,1,1
ProPro Proibito,Vardy,A,Cre,19,19
ProPro Proibito,Leao,A,Mil,26,26
ProPro Proibito,Davis K.,A,Udi,13,13
ProPro Proibito,Meister,A,Pis,3,3
AC DENTI,Sommer,P,Int,10,10
AC DENTI,Ravaglia F.,P,Bol,3,3
AC DENTI,Martinez Jo.,P,Int,3,3
AC DENTI,Gosens,D,Fio,18,18
AC DENTI,Cambiaso,D,Juv,15,15
AC DENTI,Terracciano F.,D,Cre,2,2
AC DENTI,Doig,D,Sas,6,6
AC DENTI,Norton-Cuffy,D,Gen,3,3
AC DENTI,Tiago Gabriel,D,Lec,1,1
AC DENTI,Veiga D.,D,Lec,2,2
AC DENTI,Politano,C,Nap,15,15
AC DENTI,Pulisic,C,Mil,28,28
AC DENTI,Odgaard,C,Bol,16,16
AC DENTI,McKennie,C,Juv,6,6
AC DENTI,Aebischer,C,Pis,4,4
AC DENTI,Karlstrom,C,Udi,7,7
AC DENTI,Paz N.,C,Com,20,20
AC DENTI,Atta,C,Udi,6,6
AC DENTI,Kean,A,Fio,33,33
AC DENTI,Cancellieri,A,Laz,3,3
AC DENTI,Hojlund,A,Nap,24,24
AC DENTI,Yildiz,A,Juv,25,25
AC DENTI,Meister,A,Pis,2,2
SAGATU,Sommer,P,Int,16,16
SAGATU,Martinez Jo.,P,Int,2,2
SAGATU,Okoye,P,Udi,5,5
SAGATU,Bianchetti,D,Cre,3,3
SAGATU,Gosens,D,Fio,18,18
SAGATU,Cambiaso,D,Juv,11,11
SAGATU,Terracciano F.,D,Cre,2,2
SAGATU,Doig,D,Sas,6,6
SAGATU,Nelsson,D,Ver,4,4
SAGATU,Canestrelli,D,Pis,3,3
SAGATU,Politano,C,Nap,15,15
SAGATU,Pulisic,C,Mil,28,28
SAGATU,Saelemaekers,C,Mil,18,18
SAGATU,Lovric,C,Udi,9,9
SAGATU,Zerbin,C,Cre,3,3
SAGATU,Prati,C,Cag,3,3
SAGATU,Atta,C,Udi,6,6
SAGATU,Hojholt,C,Pis,1,1
SAGATU,Pinamonti,A,Sas,15,15
SAGATU,Vlahovic,A,Juv,21,21
SAGATU,Leao,A,Mil,23,23
SAGATU,Thuram,A,Int,28,28
SAGATU,Giovane,A,Nap,3,3
lagg,Terracciano,P,Mil,1,1
lagg,Maignan,P,Mil,16,16
lagg,Torriani,P,Mil,1,1
lagg,Martin,D,Gen,10,10
lagg,Miranda J.,D,Bol,9,9
lagg,Tavares N.,D,Laz,12,12
lagg,Paz Y.,D,Sas,1,1
lagg,Joao Mario,D,Juv,8,8
lagg,Wesley,D,Rom,15,15
lagg,Heggem,D,Bol,5,5
lagg,Zaccagni,C,Laz,24,24
lagg,Malinovskyi,C,Gen,8,8
lagg,Maldini,C,Laz,9,9
lagg,Da Cunha,C,Com,12,12
lagg,Gudmundsson A.,C,Fio,24,24
lagg,Kaba,C,Lec,2,2
lagg,Prati,C,Cag,3,3
lagg,Paz N.,C,Com,20,20
lagg,Pavoletti,A,Cag,1,1
lagg,Zapata D.,A,Tor,10,10
lagg,Kean,A,Fio,22,22
lagg,Vlahovic,A,Juv,21,21
lagg,Giovane,A,Nap,1,1
BARAKALLAHOUFIK,Milinkovic-Savic V.,P,Nap,4,4
BARAKALLAHOUFIK,Provedel,P,Laz,12,12
BARAKALLAHOUFIK,Mandas *,P,Laz,3,3
BARAKALLAHOUFIK,Bellanova,D,Ata,13,13
BARAKALLAHOUFIK,Cambiaso,D,Juv,15,15
BARAKALLAHOUFIK,Zanoli,D,Udi,3,3
BARAKALLAHOUFIK,Doig,D,Sas,6,6
BARAKALLAHOUFIK,Norton-Cuffy,D,Gen,3,3
BARAKALLAHOUFIK,Dembelè A.,D,Tor,1,1
BARAKALLAHOUFIK,Palestra,D,Cag,4,4
BARAKALLAHOUFIK,Politano,C,Nap,16,16
BARAKALLAHOUFIK,Orsolini,C,Bol,31,31
BARAKALLAHOUFIK,Pulisic,C,Mil,28,28
BARAKALLAHOUFIK,Bondo,C,Cre,3,3
BARAKALLAHOUFIK,Ilkhan,C,Tor,1,1
BARAKALLAHOUFIK,Kaba,C,Lec,1,1
BARAKALLAHOUFIK,Paz N.,C,Com,20,20
BARAKALLAHOUFIK,Cremaschi,C,Par,2,2
BARAKALLAHOUFIK,Kean,A,Fio,33,33
BARAKALLAHOUFIK,Scamacca,A,Ata,21,21
BARAKALLAHOUFIK,Cutrone,A,Par,10,10
BARAKALLAHOUFIK,Thuram,A,Int,31,31
BARAKALLAHOUFIK,Meister,A,Pis,2,2
SPERA EBBASTA,Padelli,P,Udi,1,1
SPERA EBBASTA,Sommer,P,Int,10,10
SPERA EBBASTA,Ravaglia F.,P,Bol,3,3
SPERA EBBASTA,Bellanova,D,Ata,13,13
SPERA EBBASTA,Valeri,D,Par,10,10
SPERA EBBASTA,Dodò,D,Fio,11,11
SPERA EBBASTA,Unai Nunez *,D,Ver,5,5
SPERA EBBASTA,Lovik *,D,Par,3,3
SPERA EBBASTA,Tiago Gabriel,D,Lec,1,1
SPERA EBBASTA,Wesley,D,Rom,14,14
SPERA EBBASTA,Zaccagni,C,Laz,26,26
SPERA EBBASTA,Pulisic,C,Mil,28,28
SPERA EBBASTA,Akpa Akpro,C,Ver,1,1
SPERA EBBASTA,Zerbin,C,Cre,3,3
SPERA EBBASTA,Ilkhan,C,Tor,1,1
SPERA EBBASTA,Konè I.,C,Sas,6,6
SPERA EBBASTA,Gronbaek,C,Gen,12,12
SPERA EBBASTA,Paz N.,C,Com,21,21
SPERA EBBASTA,Leao,A,Mil,23,23
SPERA EBBASTA,Thuram,A,Int,31,31
SPERA EBBASTA,Hojlund,A,Nap,21,21
SPERA EBBASTA,Lucca *,A,Nap,15,15
SPERA EBBASTA,Buffon L.,A,Pis,1,1
DonBosko46,Perin,P,Juv,1,1
DonBosko46,Sommer,P,Int,16,16
DonBosko46,Martinez Jo.,P,Int,2,2
DonBosko46,Mancini,D,Rom,11,11
DonBosko46,Lykogiannis,D,Bol,2,2
DonBosko46,Bellanova,D,Ata,13,13
DonBosko46,Pavlovic,D,Mil,12,12
DonBosko46,Dodò,D,Fio,7,7
DonBosko46,Tiago Gabriel,D,Lec,1,1
DonBosko46,Oyegoke,D,Ver,2,2
DonBosko46,Politano,C,Nap,15,15
DonBosko46,Orsolini,C,Bol,31,31
DonBosko46,Pulisic,C,Mil,28,28
DonBosko46,Saelemaekers,C,Mil,12,12
DonBosko46,Berisha M.,C,Lec,3,3
DonBosko46,Kaba,C,Lec,2,2
DonBosko46,Atta,C,Udi,6,6
DonBosko46,Iannoni,C,Sas,1,1
DonBosko46,Immobile,A,Bol,5,5
DonBosko46,Martinez L.,A,Int,34,34
DonBosko46,Vlahovic,A,Juv,21,21
DonBosko46,Hojlund,A,Nap,21,21
DonBosko46,Giovane,A,Nap,1,1
LosPollosHermanos,Terracciano,P,Mil,1,1
LosPollosHermanos,Maignan,P,Mil,16,16
LosPollosHermanos,Torriani,P,Mil,1,1
LosPollosHermanos,Lazaro,D,Tor,7,7
LosPollosHermanos,Bellanova,D,Ata,13,13
LosPollosHermanos,Dumfries,D,Int,21,21
LosPollosHermanos,Zanoli,D,Udi,3,3
LosPollosHermanos,Delprato,D,Par,8,8
LosPollosHermanos,Smolcic I.,D,Com,2,2
LosPollosHermanos,Joao Mario,D,Juv,8,8
LosPollosHermanos,Bernardeschi,C,Bol,9,9
LosPollosHermanos,El Shaarawy,C,Rom,8,8
LosPollosHermanos,Orsolini,C,Bol,31,31
LosPollosHermanos,McKennie,C,Juv,6,6
LosPollosHermanos,Ekkelenkamp,C,Udi,10,10
LosPollosHermanos,Paz N.,C,Com,20,20
LosPollosHermanos,Atta,C,Udi,8,8
LosPollosHermanos,Vandeputte,C,Cre,12,12
LosPollosHermanos,Pinamonti,A,Sas,17,17
LosPollosHermanos,Thuram,A,Int,29,29
LosPollosHermanos,Soulè,A,Rom,20,20
LosPollosHermanos,Benedyczak,A,Par,1,1
LosPollosHermanos,Meister,A,Pis,3,3
SerSi-FC,Di Gennaro,P,Int,1,1
SerSi-FC,Sommer,P,Int,16,16
SerSi-FC,Martinez Jo.,P,Int,2,2
SerSi-FC,Martin,D,Gen,10,10
SerSi-FC,Tomori,D,Mil,8,8
SerSi-FC,Cambiaso,D,Juv,15,15
SerSi-FC,Ostigard,D,Gen,9,9
SerSi-FC,Palestra,D,Cag,4,4
SerSi-FC,Valle,D,Com,6,6
SerSi-FC,Esteves T. *,D,Pis,1,1
SerSi-FC,Pulisic,C,Mil,28,28
SerSi-FC,Loftus-Cheek,C,Mil,8,8
SerSi-FC,Malinovskyi,C,Gen,7,7
SerSi-FC,Adopo,C,Cag,5,5
SerSi-FC,Zalewski,C,Ata,6,6
SerSi-FC,Gudmundsson A.,C,Fio,24,24
SerSi-FC,Paz N.,C,Com,21,21
SerSi-FC,Atta,C,Udi,6,6
SerSi-FC,Bonazzoli,A,Cre,1,1
SerSi-FC,Simeone,A,Tor,18,18
SerSi-FC,Scamacca,A,Ata,16,16
SerSi-FC,Castellanos *,A,Laz,21,21
SerSi-FC,Gueye,A,Udi,1,1
Boiali,Terracciano,P,Mil,1,1
Boiali,Maignan,P,Mil,16,16
Boiali,Torriani,P,Mil,1,1
Boiali,Vasquez,D,Gen,9,9
Boiali,Ghilardi,D,Rom,4,4
Boiali,Frese,D,Ver,3,3
Boiali,Delprato,D,Par,8,8
Boiali,Ramon,D,Com,4,4
Boiali,Tiago Gabriel,D,Lec,1,1
Boiali,Canestrelli,D,Pis,3,3
Boiali,Zaccagni,C,Laz,24,24
Boiali,Zaniolo,C,Udi,15,15
Boiali,McTominay,C,Nap,25,25
Boiali,Tramoni M.,C,Pis,12,12
Boiali,Zerbin,C,Cre,3,3
Boiali,Ilkhan,C,Tor,1,1
Boiali,Paz N.,C,Com,20,20
Boiali,Atta,C,Udi,6,6
Boiali,Kean,A,Fio,33,33
Boiali,Martinez L.,A,Int,34,34
Boiali,Vlahovic,A,Juv,21,21
Boiali,Banda,A,Lec,5,5
Boiali,Giovane,A,Nap,1,1
CuginiDiCampagna,Sportiello,P,Ata,1,1
CuginiDiCampagna,Rossi F.,P,Ata,1,1
CuginiDiCampagna,Carnesecchi,P,Ata,14,14
CuginiDiCampagna,Angelino,D,Rom,15,15
CuginiDiCampagna,Cambiaso,D,Juv,15,15
CuginiDiCampagna,Pongracic,D,Fio,4,4
CuginiDiCampagna,Frese,D,Ver,3,3
CuginiDiCampagna,Ramon,D,Com,4,4
CuginiDiCampagna,Tiago Gabriel,D,Lec,1,1
CuginiDiCampagna,Muharemovic,D,Sas,4,4
CuginiDiCampagna,Orsolini,C,Bol,30,30
CuginiDiCampagna,Pulisic,C,Mil,28,28
CuginiDiCampagna,Zaniolo,C,Udi,11,11
CuginiDiCampagna,Adopo,C,Cag,5,5
CuginiDiCampagna,Asllani,C,Tor,4,4
CuginiDiCampagna,Zerbin,C,Cre,3,3
CuginiDiCampagna,Marchwinski,C,Lec,1,1
CuginiDiCampagna,Collocolo,C,Cre,8,8
CuginiDiCampagna,Bonazzoli,A,Cre,1,1
CuginiDiCampagna,Pinamonti,A,Sas,17,17
CuginiDiCampagna,Kean,A,Fio,33,33
CuginiDiCampagna,Esposito Se.,A,Cag,7,7
CuginiDiCampagna,David,A,Juv,16,16
Mapoitta,Milinkovic-Savic V.,P,Nap,4,4
Mapoitta,Ravaglia F.,P,Bol,3,3
Mapoitta,Semper,P,Pis,3,3
Mapoitta,Zappacosta,D,Ata,13,13
Mapoitta,Gosens,D,Fio,18,18
Mapoitta,Bellanova,D,Ata,10,10
Mapoitta,Vojvoda,D,Com,6,6
Mapoitta,Cambiaso,D,Juv,15,15
Mapoitta,Valeri,D,Par,10,10
Mapoitta,Tiago Gabriel,D,Lec,1,1
Mapoitta,Politano,C,Nap,15,15
Mapoitta,Malinovskyi,C,Gen,8,8
Mapoitta,McTominay,C,Nap,26,26
Mapoitta,Saelemaekers,C,Mil,18,18
Mapoitta,Akpa Akpro,C,Ver,1,1
Mapoitta,Moro N.,C,Bol,3,3
Mapoitta,Marchwinski,C,Lec,1,1
Mapoitta,Paz N.,C,Com,20,20
Mapoitta,Vlahovic,A,Juv,21,21
Mapoitta,Leao,A,Mil,26,26
Mapoitta,Thuram,A,Int,31,31
Mapoitta,Benedyczak,A,Par,1,1
Mapoitta,Ekhator,A,Gen,1,1
Lunarossa,Sportiello,P,Ata,1,1
Lunarossa,Sommer,P,Int,16,16
Lunarossa,Martinez Jo.,P,Int,2,2
Lunarossa,Mina,D,Cag,7,7
Lunarossa,Lazaro,D,Tor,7,7
Lunarossa,Vojvoda,D,Com,6,6
Lunarossa,Tavares N.,D,Laz,12,12
Lunarossa,Terracciano F.,D,Cre,2,2
Lunarossa,Tiago Gabriel,D,Lec,1,1
Lunarossa,Wesley,D,Rom,14,14
Lunarossa,Pulisic,C,Mil,28,28
Lunarossa,Elmas,C,Nap,11,11
Lunarossa,McTominay,C,Nap,26,26
Lunarossa,Saelemaekers,C,Mil,12,12
Lunarossa,Zerbin,C,Cre,3,3
Lunarossa,Ilkhan,C,Tor,1,1
Lunarossa,Paz N.,C,Com,28,28
Lunarossa,Stanciu *,C,Gen,8,8
Lunarossa,Kean,A,Fio,31,31
Lunarossa,Martinez L.,A,Int,27,27
Lunarossa,Leao,A,Mil,23,23
Lunarossa,Benedyczak,A,Par,1,1
Lunarossa,Aboukhlal,A,Tor,4,4
EquipoA,Milinkovic-Savic V.,P,Nap,4,4
EquipoA,De Gea,P,Fio,14,14
EquipoA,Martinelli T. *,P,Fio,1,1
EquipoA,Zappacosta,D,Ata,9,9
EquipoA,Rrahmani,D,Nap,7,7
EquipoA,Nkounkou,D,Tor,4,4
EquipoA,Dumfries,D,Int,20,20
EquipoA,Zemura,D,Udi,3,3
EquipoA,Palestra,D,Cag,4,4
EquipoA,Ramon,D,Com,5,5
EquipoA,Orsolini,C,Bol,30,30
EquipoA,Pulisic,C,Mil,28,28
EquipoA,Zerbin,C,Cre,3,3
EquipoA,Ilkhan,C,Tor,1,1
EquipoA,Ndour,C,Fio,2,2
EquipoA,Kaba,C,Lec,2,2
EquipoA,Paz N.,C,Com,21,21
EquipoA,Atta,C,Udi,6,6
EquipoA,Berardi,A,Sas,24,24
EquipoA,Martinez L.,A,Int,34,34
EquipoA,Leao,A,Mil,23,23
EquipoA,Cancellieri,A,Laz,3,3
EquipoA,Rodriguez Je.,A,Com,6,6
I COMPARI,Radunovic *,P,Cag,1,1
I COMPARI,Milinkovic-Savic V.,P,Nap,4,4
I COMPARI,Caprile,P,Cag,7,7
I COMPARI,Martin,D,Gen,10,10
I COMPARI,Bellanova,D,Ata,13,13
I COMPARI,Estupinan,D,Mil,6,6
I COMPARI,Terracciano F.,D,Cre,2,2
I COMPARI,Valeri,D,Par,10,10
I COMPARI,Dembelè A.,D,Tor,1,1
I COMPARI,Tiago Gabriel,D,Lec,2,2
I COMPARI,Barella,C,Int,14,14
I COMPARI,Pulisic,C,Mil,28,28
I COMPARI,McTominay,C,Nap,26,26
I COMPARI,Akpa Akpro,C,Ver,1,1
I COMPARI,Tramoni M.,C,Pis,12,12
I COMPARI,Kaba,C,Lec,1,1
I COMPARI,Adzic,C,Juv,1,1
I COMPARI,Paz N.,C,Com,20,20
I COMPARI,Pavoletti,A,Cag,2,2
I COMPARI,Martinez L.,A,Int,27,27
I COMPARI,Leao,A,Mil,26,26
I COMPARI,Soulè,A,Rom,20,20
I COMPARI,Giovane,A,Nap,1,1
SMOG,Perin,P,Juv,1,1
SMOG,Meret,P,Nap,16,16
SMOG,Milinkovic-Savic V.,P,Nap,4,4
SMOG,Martin,D,Gen,10,10
SMOG,Cambiaso,D,Juv,15,15
SMOG,Terracciano F.,D,Cre,2,2
SMOG,Ehizibue,D,Udi,4,4
SMOG,Delprato,D,Par,8,8
SMOG,Kempf,D,Com,5,5
SMOG,Canestrelli,D,Pis,3,3
SMOG,Politano,C,Nap,16,16
SMOG,Modric,C,Mil,12,12
SMOG,Odgaard,C,Bol,16,16
SMOG,Zaniolo,C,Udi,15,15
SMOG,Gudmundsson A.,C,Fio,24,24
SMOG,Marchwinski,C,Lec,1,1
SMOG,Paz N.,C,Com,20,20
SMOG,Tourè I.,C,Pis,6,6
SMOG,Kean,A,Fio,31,31
SMOG,Vlahovic,A,Juv,21,21
SMOG,Esposito Se.,A,Cag,7,7
SMOG,Giovane,A,Nap,3,3
SMOG,Kilicsoy,A,Cag,3,3
CLAN,Perin,P,Juv,1,1
CLAN,Silvestri,P,Cre,1,1
CLAN,Di Gregorio,P,Juv,16,16
CLAN,Cuadrado,D,Pis,7,7
CLAN,Lazaro,D,Tor,7,7
CLAN,Gutierrez,D,Nap,7,7
CLAN,Tavares N.,D,Laz,12,12
CLAN,Comuzzo,D,Fio,7,7
CLAN,Canestrelli,D,Pis,3,3
CLAN,Wesley,D,Rom,14,14
CLAN,Bernardeschi,C,Bol,9,9
CLAN,Zaccagni,C,Laz,26,26
CLAN,Modric,C,Mil,12,12
CLAN,Malinovskyi,C,Gen,7,7
CLAN,McTominay,C,Nap,26,26
CLAN,Zalewski,C,Ata,6,6
CLAN,Asllani,C,Tor,4,4
CLAN,Folorunsho,C,Cag,9,9
CLAN,Zapata D.,A,Tor,10,10
CLAN,Esposito Se.,A,Cag,7,7
CLAN,Lookman,A,Ata,19,19
CLAN,Thuram,A,Int,31,31
CLAN,Rodriguez Je.,A,Com,6,6
Evergreen,Lezzerini,P,Fio,1,1
Evergreen,Gollini,P,Rom,1,1
Evergreen,De Gea,P,Fio,14,14
Evergreen,Pezzella Giu.,D,Cre,6,6
Evergreen,Buongiorno,D,Nap,13,13
Evergreen,Dumfries,D,Int,20,20
Evergreen,Kossounou,D,Ata,9,9
Evergreen,Ostigard,D,Gen,9,9
Evergreen,Posch *,D,Com,7,7
Evergreen,Paz Y.,D,Sas,1,1
Evergreen,Politano,C,Nap,16,16
Evergreen,Zalewski,C,Ata,6,6
Evergreen,Harroui,C,Ver,7,7
Evergreen,Gudmundsson A.,C,Fio,17,17
Evergreen,Ilkhan,C,Tor,1,1
Evergreen,Paz N.,C,Com,20,20
Evergreen,Sucic P.,C,Int,9,9
Evergreen,Iannoni,C,Sas,1,1
Evergreen,Pavoletti,A,Cag,1,1
Evergreen,Vardy,A,Cre,19,19
Evergreen,Thuram,A,Int,31,31
Evergreen,Castro S.,A,Bol,24,24
Evergreen,Ekhator,A,Gen,1,1
Sciabolata Classica,Perin,P,Juv,1,1
Sciabolata Classica,Gollini,P,Rom,1,1
Sciabolata Classica,Svilar,P,Rom,15,15
Sciabolata Classica,Martin,D,Gen,10,10
Sciabolata Classica,Bellanova,D,Ata,13,13
Sciabolata Classica,Cambiaso,D,Juv,15,15
Sciabolata Classica,Tavares N.,D,Laz,12,12
Sciabolata Classica,Veiga D.,D,Lec,1,1
Sciabolata Classica,Vitik,D,Bol,8,8
Sciabolata Classica,Angori,D,Pis,5,5
Sciabolata Classica,Hernani *,C,Par,3,3
Sciabolata Classica,McTominay,C,Nap,26,26
Sciabolata Classica,Vlasic,C,Tor,15,15
Sciabolata Classica,Asllani,C,Tor,4,4
Sciabolata Classica,Gudmundsson A.,C,Fio,17,17
Sciabolata Classica,Paz N.,C,Com,21,21
Sciabolata Classica,Atta,C,Udi,8,8
Sciabolata Classica,Stanciu *,C,Gen,8,8
Sciabolata Classica,Berardi,A,Sas,21,21
Sciabolata Classica,Zapata D.,A,Tor,10,10
Sciabolata Classica,Kean,A,Fio,33,33
Sciabolata Classica,Vlahovic,A,Juv,21,21
Sciabolata Classica,Benedyczak,A,Par,1,1
Malmö FF,Perin,P,Juv,1,1
Malmö FF,Pinsoglio,P,Juv,1,1
Malmö FF,Di Gregorio,P,Juv,16,16
Malmö FF,Buongiorno,D,Nap,13,13
Malmö FF,Bellanova,D,Ata,13,13
Malmö FF,De Winter,D,Mil,8,8
Malmö FF,Terracciano F.,D,Cre,5,5
Malmö FF,Gila,D,Laz,9,9
Malmö FF,Comuzzo,D,Fio,8,8
Malmö FF,Wesley,D,Rom,14,14
Malmö FF,Modric,C,Mil,12,12
Malmö FF,McTominay,C,Nap,26,26
Malmö FF,Coulibaly L.,C,Lec,7,7
Malmö FF,El Aynaoui,C,Rom,9,9
Malmö FF,Pierret,C,Lec,6,6
Malmö FF,Bernabè,C,Par,11,11
Malmö FF,Ekkelenkamp,C,Udi,10,10
Malmö FF,Sucic P.,C,Int,9,9
Malmö FF,Berardi,A,Sas,21,21
Malmö FF,Martinez L.,A,Int,27,27
Malmö FF,Esposito Se.,A,Cag,7,7
Malmö FF,Ekuban,A,Gen,8,8
Malmö FF,Bonny,A,Int,16,16
Giubbentus,Milinkovic-Savic V.,P,Nap,4,4
Giubbentus,Terracciano,P,Mil,1,1
Giubbentus,Maignan,P,Mil,16,16
Giubbentus,Obert,D,Cag,4,4
Giubbentus,Cabal,D,Juv,4,4
Giubbentus,Norton-Cuffy,D,Gen,3,3
Giubbentus,Tiago Gabriel,D,Lec,1,1
Giubbentus,Veiga D.,D,Lec,2,2
Giubbentus,Smolcic I.,D,Com,3,3
Giubbentus,Canestrelli,D,Pis,3,3
Giubbentus,Politano,C,Nap,16,16
Giubbentus,Zaccagni,C,Laz,26,26
Giubbentus,Pulisic,C,Mil,28,28
Giubbentus,Akpa Akpro,C,Ver,3,3
Giubbentus,Aebischer,C,Pis,4,4
Giubbentus,Folorunsho,C,Cag,8,8
Giubbentus,Isaksen,C,Laz,14,14
Giubbentus,Prati,C,Cag,3,3
Giubbentus,Scamacca,A,Ata,19,19
Giubbentus,Martinez L.,A,Int,34,34
Giubbentus,Thuram,A,Int,31,31
Giubbentus,Meister,A,Pis,2,2
Giubbentus,Stulic,A,Lec,8,8
Tana delle Tigri,Sportiello,P,Ata,1,1
Tana delle Tigri,Perin,P,Juv,1,1
Tana delle Tigri,Carnesecchi,P,Ata,14,14
Tana delle Tigri,Martin,D,Gen,10,10
Tana delle Tigri,Bellanova,D,Ata,13,13
Tana delle Tigri,Pavlovic,D,Mil,17,17
Tana delle Tigri,Barbieri,D,Cre,3,3
Tana delle Tigri,Solet,D,Udi,11,11
Tana delle Tigri,Tiago Gabriel,D,Lec,1,1
Tana delle Tigri,Angori,D,Pis,5,5
Tana delle Tigri,Zaccagni,C,Laz,26,26
Tana delle Tigri,Pulisic,C,Mil,28,28
Tana delle Tigri,McTominay,C,Nap,26,26
Tana delle Tigri,Zerbin,C,Cre,3,3
Tana delle Tigri,Ilkhan,C,Tor,1,1
Tana delle Tigri,Berisha M.,C,Lec,3,3
Tana delle Tigri,Kaba,C,Lec,1,1
Tana delle Tigri,Atta,C,Udi,6,6
Tana delle Tigri,Bonazzoli,A,Cre,1,1
Tana delle Tigri,Berardi,A,Sas,24,24
Tana delle Tigri,Martinez L.,A,Int,34,34
Tana delle Tigri,Leao,A,Mil,19,19
Tana delle Tigri,Giovane,A,Nap,1,1
puerto rosso blu,Skorupski,P,Bol,10,10
puerto rosso blu,Ravaglia F.,P,Bol,3,3
puerto rosso blu,Pessina Mas.,P,Bol,1,1
puerto rosso blu,Walukiewicz,D,Sas,5,5
puerto rosso blu,Vojvoda,D,Com,6,6
puerto rosso blu,Estupinan,D,Mil,6,6
puerto rosso blu,Cambiaso,D,Juv,15,15
puerto rosso blu,Zemura,D,Udi,3,3
puerto rosso blu,Palestra,D,Cag,4,4
puerto rosso blu,Wesley,D,Rom,14,14
puerto rosso blu,Zaccagni,C,Laz,24,24
puerto rosso blu,McTominay,C,Nap,26,26
puerto rosso blu,Saelemaekers,C,Mil,12,12
puerto rosso blu,Gudmundsson A.,C,Fio,24,24
puerto rosso blu,Folorunsho,C,Cag,9,9
puerto rosso blu,Kaba,C,Lec,2,2
puerto rosso blu,Dele-Bashiru,C,Laz,11,11
puerto rosso blu,Hojholt,C,Pis,1,1
puerto rosso blu,Scamacca,A,Ata,14,14
puerto rosso blu,Esposito Se.,A,Cag,7,7
puerto rosso blu,Thuram,A,Int,31,31
puerto rosso blu,Soulè,A,Rom,20,20
puerto rosso blu,Gueye,A,Udi,1,1
OnlyFans,Sportiello,P,Ata,1,1
OnlyFans,Rossi F.,P,Ata,1,1
OnlyFans,Carnesecchi,P,Ata,14,14
OnlyFans,Gosens,D,Fio,18,18
OnlyFans,Martin,D,Gen,10,10
OnlyFans,Di Lorenzo,D,Nap,14,14
OnlyFans,Mina,D,Cag,7,7
OnlyFans,Terracciano F.,D,Cre,2,2
OnlyFans,Dodò,D,Fio,7,7
OnlyFans,Ebosse,D,Ver,4,4
OnlyFans,Pulisic,C,Mil,28,28
OnlyFans,Zaniolo,C,Udi,15,15
OnlyFans,McTominay,C,Nap,26,26
OnlyFans,Adopo,C,Cag,5,5
OnlyFans,Thuram K.,C,Juv,16,16
OnlyFans,Ilkhan,C,Tor,1,1
OnlyFans,Kaba,C,Lec,1,1
OnlyFans,Tourè I.,C,Pis,6,6
OnlyFans,Berardi,A,Sas,21,21
OnlyFans,Esposito Se.,A,Cag,7,7
OnlyFans,Leao,A,Mil,26,26
OnlyFans,Thuram,A,Int,29,29
OnlyFans,Ambrosino,A,Nap,1,1
Peaky Tunas,Perin,P,Juv,1,1
Peaky Tunas,Pinsoglio,P,Juv,1,1
Peaky Tunas,Di Gregorio,P,Juv,16,16
Peaky Tunas,Hysaj,D,Laz,1,1
Peaky Tunas,Bastoni,D,Int,16,16
Peaky Tunas,Di Lorenzo,D,Nap,14,14
Peaky Tunas,Obert,D,Cag,4,4
Peaky Tunas,Terracciano F.,D,Cre,5,5
Peaky Tunas,Tiago Gabriel,D,Lec,2,2
Peaky Tunas,Angori,D,Pis,5,5
Peaky Tunas,Zaccagni,C,Laz,24,24
Peaky Tunas,Barella,C,Int,14,14
Peaky Tunas,Pulisic,C,Mil,28,28
Peaky Tunas,Zambo Anguissa,C,Nap,16,16
Peaky Tunas,Lovric,C,Udi,9,9
Peaky Tunas,Zarraga,C,Udi,2,2
Peaky Tunas,Konè I.,C,Sas,6,6
Peaky Tunas,Piotrowski,C,Udi,6,6
Peaky Tunas,Simeone,A,Tor,18,18
Peaky Tunas,Martinez L.,A,Int,34,34
Peaky Tunas,Leao,A,Mil,19,19
Peaky Tunas,Ekhator,A,Gen,1,1
Peaky Tunas,Meister,A,Pis,2,2
i fratelli merda,Sportiello,P,Ata,1,1
i fratelli merda,Terracciano,P,Mil,1,1
i fratelli merda,Carnesecchi,P,Ata,14,14
i fratelli merda,Zappa,D,Cag,6,6
i fratelli merda,Casale,D,Bol,2,2
i fratelli merda,Dumfries,D,Int,20,20
i fratelli merda,Tavares N.,D,Laz,7,7
i fratelli merda,Van Der Brempt,D,Com,4,4
i fratelli merda,Tiago Gabriel,D,Lec,1,1
i fratelli merda,Arizala,D,Udi,1,1
i fratelli merda,Barella,C,Int,14,14
i fratelli merda,Loftus-Cheek,C,Mil,9,9
i fratelli merda,Da Cunha,C,Com,12,12
i fratelli merda,Thuram K.,C,Juv,16,16
i fratelli merda,Zerbin,C,Cre,5,5
i fratelli merda,Gineitis,C,Tor,5,5
i fratelli merda,Bernabè,C,Par,11,11
i fratelli merda,Paz N.,C,Com,21,21
i fratelli merda,Bonazzoli,A,Cre,3,3
i fratelli merda,Martinez L.,A,Int,34,34
i fratelli merda,Esposito Se.,A,Cag,7,7
i fratelli merda,Colombo,A,Gen,10,10
i fratelli merda,Yildiz,A,Juv,25,25
Pro secco,Sportiello,P,Ata,1,1
Pro secco,Terracciano,P,Mil,1,1
Pro secco,Maignan,P,Mil,16,16
Pro secco,Ranieri L.,D,Fio,7,7
Pro secco,Zappa,D,Cag,6,6
Pro secco,Vojvoda,D,Com,6,6
Pro secco,Terracciano F.,D,Cre,2,2
Pro secco,Ehizibue,D,Udi,5,5
Pro secco,Gaspar K.,D,Lec,8,8
Pro secco,Tiago Gabriel,D,Lec,1,1
Pro secco,Orsolini,C,Bol,30,30
Pro secco,Leris,C,Pis,2,2
Pro secco,Pulisic,C,Mil,28,28
Pro secco,McTominay,C,Nap,24,24
Pro secco,Vlasic,C,Tor,9,9
Pro secco,Zerbin,C,Cre,3,3
Pro secco,Kaba,C,Lec,2,2
Pro secco,Paz N.,C,Com,21,21
Pro secco,Martinez L.,A,Int,34,34
Pro secco,Vlahovic,A,Juv,21,21
Pro secco,Lookman,A,Ata,24,24
Pro secco,Moro L.,A,Sas,1,1
Pro secco,Giovane,A,Nap,3,3
TomMat-iga,Perin,P,Juv,1,1
TomMat-iga,Terracciano,P,Mil,1,1
TomMat-iga,Maignan,P,Mil,16,16
TomMat-iga,Gosens,D,Fio,18,18
TomMat-iga,Martin,D,Gen,10,10
TomMat-iga,Terracciano F.,D,Cre,2,2
TomMat-iga,Ramon,D,Com,5,5
TomMat-iga,Tiago Gabriel,D,Lec,1,1
TomMat-iga,Veiga D.,D,Lec,1,1
TomMat-iga,Joao Mario,D,Juv,8,8
TomMat-iga,El Shaarawy,C,Rom,8,8
TomMat-iga,Orsolini,C,Bol,31,31
TomMat-iga,Pulisic,C,Mil,28,28
TomMat-iga,McTominay,C,Nap,24,24
TomMat-iga,Folorunsho,C,Cag,9,9
TomMat-iga,Kaba,C,Lec,1,1
TomMat-iga,Atta,C,Udi,6,6
TomMat-iga,Stanciu *,C,Gen,8,8
TomMat-iga,Scamacca,A,Ata,16,16
TomMat-iga,Esposito Se.,A,Cag,7,7
TomMat-iga,Thuram,A,Int,31,31
TomMat-iga,Soulè,A,Rom,20,20
TomMat-iga,Giovane,A,Nap,1,1
pacho team,Milinkovic-Savic V.,P,Nap,4,4
pacho team,Contini,P,Nap,1,1
pacho team,Caprile,P,Cag,7,7
pacho team,Martin,D,Gen,10,10
pacho team,Mina,D,Cag,7,7
pacho team,Estupinan,D,Mil,11,11
pacho team,Baschirotto,D,Cre,8,8
pacho team,Valeri,D,Par,10,10
pacho team,Marcandalli,D,Gen,2,2
pacho team,Ramon,D,Com,4,4
pacho team,Zaccagni,C,Laz,26,26
pacho team,Pulisic,C,Mil,28,28
pacho team,Vlasic,C,Tor,15,15
pacho team,Zerbin,C,Cre,3,3
pacho team,Kaba,C,Lec,2,2
pacho team,Marchwinski,C,Lec,1,1
pacho team,Paz N.,C,Com,21,21
pacho team,Atta,C,Udi,8,8
pacho team,Kean,A,Fio,22,22
pacho team,Thuram,A,Int,29,29
pacho team,Hojlund,A,Nap,21,21
pacho team,Meister,A,Pis,2,2
pacho team,Pellegrino M.,A,Par,13,13
Longobarda,Perin,P,Juv,1,1
Longobarda,Terracciano,P,Mil,1,1
Longobarda,Maignan,P,Mil,16,16
Longobarda,Pezzella Giu.,D,Cre,5,5
Longobarda,Akanji,D,Int,10,10
Longobarda,Vasquez,D,Gen,10,10
Longobarda,Cambiaso,D,Juv,15,15
Longobarda,Dodò,D,Fio,11,11
Longobarda,Gaspar K.,D,Lec,8,8
Longobarda,Tiago Gabriel,D,Lec,2,2
Longobarda,Fofana Y.,C,Mil,11,11
Longobarda,McTominay,C,Nap,26,26
Longobarda,Konè M.,C,Rom,14,14
Longobarda,Harroui,C,Ver,7,7
Longobarda,Bondo,C,Cre,3,3
Longobarda,Kaba,C,Lec,1,1
Longobarda,Paz N.,C,Com,20,20
Longobarda,Marin M.,C,Pis,4,4
Longobarda,Dybala,A,Rom,26,26
Longobarda,Berardi,A,Sas,24,24
Longobarda,Kean,A,Fio,22,22
Longobarda,Soulè,A,Rom,20,20
Longobarda,Almqvist,A,Par,4,4
Real Mellandro,Milinkovic-Savic V.,P,Nap,4,4
Real Mellandro,Terracciano,P,Mil,1,1
Real Mellandro,Maignan,P,Mil,16,16
Real Mellandro,Biraghi,D,Tor,8,8
Real Mellandro,Barbieri,D,Cre,3,3
Real Mellandro,Marcandalli,D,Gen,2,2
Real Mellandro,Norton-Cuffy,D,Gen,3,3
Real Mellandro,Tiago Gabriel,D,Lec,1,1
Real Mellandro,Smolcic I.,D,Com,3,3
Real Mellandro,Canestrelli,D,Pis,3,3
Real Mellandro,Zaccagni,C,Laz,26,26
Real Mellandro,Barella,C,Int,14,14
Real Mellandro,Pulisic,C,Mil,28,28
Real Mellandro,Akpa Akpro,C,Ver,3,3
Real Mellandro,Asllani,C,Tor,4,4
Real Mellandro,Aebischer,C,Pis,4,4
Real Mellandro,Kaba,C,Lec,2,2
Real Mellandro,Paz N.,C,Com,21,21
Real Mellandro,Berardi,A,Sas,21,21
Real Mellandro,Martinez L.,A,Int,34,34
Real Mellandro,Thuram,A,Int,28,28
Real Mellandro,Meister,A,Pis,2,2
Real Mellandro,Diao,A,Com,17,17
BANDITI,Lezzerini,P,Fio,1,1
BANDITI,De Gea,P,Fio,14,14
BANDITI,Martinelli T. *,P,Fio,1,1
BANDITI,Martin,D,Gen,10,10
BANDITI,Valeri,D,Par,10,10
BANDITI,Frese,D,Ver,4,4
BANDITI,Norton-Cuffy,D,Gen,6,6
BANDITI,Canestrelli,D,Pis,3,3
BANDITI,Muharemovic,D,Sas,5,5
BANDITI,Rodriguez Ju.,D,Cag,1,1
BANDITI,Orsolini,C,Bol,30,30
BANDITI,Calhanoglu,C,Int,30,30
BANDITI,Pulisic,C,Mil,28,28
BANDITI,Aebischer,C,Pis,5,5
BANDITI,Bondo,C,Cre,3,3
BANDITI,Zerbin,C,Cre,3,3
BANDITI,Prati,C,Cag,3,3
BANDITI,Paz N.,C,Com,21,21
BANDITI,Pavoletti,A,Cag,1,1
BANDITI,Leao,A,Mil,23,23
BANDITI,Thuram,A,Int,29,29
BANDITI,Soulè,A,Rom,24,24
BANDITI,Balentien,A,Mil,1,1
Plu-Team,Perin,P,Juv,1,1
Plu-Team,Di Gregorio,P,Juv,14,14
Plu-Team,Corvi,P,Par,1,1
Plu-Team,Gosens,D,Fio,18,18
Plu-Team,Martin,D,Gen,10,10
Plu-Team,Bellanova,D,Ata,13,13
Plu-Team,Dumfries,D,Int,20,20
Plu-Team,Paz Y.,D,Sas,1,1
Plu-Team,Frese,D,Ver,3,3
Plu-Team,Wesley,D,Rom,15,15
Plu-Team,Orsolini,C,Bol,30,30
Plu-Team,Pulisic,C,Mil,28,28
Plu-Team,Saelemaekers,C,Mil,12,12
Plu-Team,Niasse,C,Ver,3,3
Plu-Team,Zerbin,C,Cre,3,3
Plu-Team,Adzic,C,Juv,1,1
Plu-Team,Paz N.,C,Com,21,21
Plu-Team,Tourè I.,C,Pis,6,6
Plu-Team,Pinamonti,A,Sas,16,16
Plu-Team,Martinez L.,A,Int,27,27
Plu-Team,Bonny,A,Int,5,5
Plu-Team,Moro L.,A,Sas,1,1
Plu-Team,Giovane,A,Nap,1,1
Ipa Bali,Terracciano,P,Mil,1,1
Ipa Bali,Maignan,P,Mil,16,16
Ipa Bali,Sava,P,Udi,4,4
Ipa Bali,Luperto,D,Cag,7,7
Ipa Bali,Bianchetti,D,Cre,3,3
Ipa Bali,Martin,D,Gen,10,10
Ipa Bali,Gallo,D,Lec,5,5
Ipa Bali,Ostigard,D,Gen,5,5
Ipa Bali,Doig,D,Sas,6,6
Ipa Bali,Ramon,D,Com,6,6
Ipa Bali,Calhanoglu,C,Int,30,30
Ipa Bali,Pulisic,C,Mil,28,28
Ipa Bali,McTominay,C,Nap,26,26
Ipa Bali,Maldini,C,Laz,4,4
Ipa Bali,Pobega,C,Bol,5,5
Ipa Bali,Bondo,C,Cre,3,3
Ipa Bali,Kaba,C,Lec,2,2
Ipa Bali,Paz N.,C,Com,21,21
Ipa Bali,Pavoletti,A,Cag,1,1
Ipa Bali,Berardi,A,Sas,21,21
Ipa Bali,Kean,A,Fio,33,33
Ipa Bali,Vlahovic,A,Juv,24,24
Ipa Bali,Meister,A,Pis,2,2
A.C.TUA CUCS,Perin,P,Juv,1,1
A.C.TUA CUCS,Sommer,P,Int,16,16
A.C.TUA CUCS,Ravaglia F.,P,Bol,3,3
A.C.TUA CUCS,Martin,D,Gen,10,10
A.C.TUA CUCS,Valeri,D,Par,10,10
A.C.TUA CUCS,Barbieri,D,Cre,3,3
A.C.TUA CUCS,Marcandalli,D,Gen,2,2
A.C.TUA CUCS,Kempf,D,Com,5,5
A.C.TUA CUCS,Tiago Gabriel,D,Lec,1,1
A.C.TUA CUCS,Rodriguez Ju.,D,Cag,1,1
A.C.TUA CUCS,Orsolini,C,Bol,30,30
A.C.TUA CUCS,Calhanoglu,C,Int,30,30
A.C.TUA CUCS,Pulisic,C,Mil,28,28
A.C.TUA CUCS,Ilkhan,C,Tor,1,1
A.C.TUA CUCS,Prati,C,Cag,4,4
A.C.TUA CUCS,Paz N.,C,Com,21,21
A.C.TUA CUCS,Collocolo,C,Cre,8,8
A.C.TUA CUCS,Stanciu *,C,Gen,8,8
A.C.TUA CUCS,Bonazzoli,A,Cre,1,1
A.C.TUA CUCS,Leao,A,Mil,22,22
A.C.TUA CUCS,Thuram,A,Int,31,31
A.C.TUA CUCS,Soulè,A,Rom,20,20
A.C.TUA CUCS,Buffon L.,A,Pis,1,1
ROCKY 3,Meret,P,Nap,16,16
ROCKY 3,Milinkovic-Savic V.,P,Nap,4,4
ROCKY 3,Contini,P,Nap,1,1
ROCKY 3,Martin,D,Gen,10,10
ROCKY 3,Tomori,D,Mil,8,8
ROCKY 3,Kristensen T.,D,Udi,5,5
ROCKY 3,Norton-Cuffy,D,Gen,6,6
ROCKY 3,Coppola F.,D,Pis,1,1
ROCKY 3,Joao Mario,D,Juv,8,8
ROCKY 3,Wesley,D,Rom,14,14
ROCKY 3,Calhanoglu,C,Int,30,30
ROCKY 3,Rovella,C,Laz,8,8
ROCKY 3,Basic,C,Laz,1,1
ROCKY 3,Koopmeiners,C,Juv,5,5
ROCKY 3,Ederson D.S.,C,Ata,9,9
ROCKY 3,Ilkhan,C,Tor,1,1
ROCKY 3,Marchwinski,C,Lec,1,1
ROCKY 3,Paz N.,C,Com,20,20
ROCKY 3,Pavoletti,A,Cag,1,1
ROCKY 3,Berardi,A,Sas,21,21
ROCKY 3,Leao,A,Mil,26,26
ROCKY 3,Thuram,A,Int,31,31
ROCKY 3,Benedyczak,A,Par,1,1
Fc nipiri,Meret,P,Nap,16,16
Fc nipiri,Satalino,P,Sas,1,1
Fc nipiri,Milinkovic-Savic V.,P,Nap,4,4
Fc nipiri,Gosens,D,Fio,18,18
Fc nipiri,Di Lorenzo,D,Nap,14,14
Fc nipiri,Akanji,D,Int,9,9
Fc nipiri,Scalvini,D,Ata,8,8
Fc nipiri,Doig,D,Sas,6,6
Fc nipiri,Solet,D,Udi,11,11
Fc nipiri,Mbambi *,D,Pis,1,1
Fc nipiri,Orsolini,C,Bol,30,30
Fc nipiri,Musah,C,Ata,6,6
Fc nipiri,Thuram K.,C,Juv,15,15
Fc nipiri,Gineitis,C,Tor,5,5
Fc nipiri,Zarraga,C,Udi,2,2
Fc nipiri,Karlstrom,C,Udi,6,6
Fc nipiri,Paz N.,C,Com,21,21
Fc nipiri,Liteta,C,Cag,1,1
Fc nipiri,Pavoletti,A,Cag,1,1
Fc nipiri,Berardi,A,Sas,21,21
Fc nipiri,David,A,Juv,27,27
Fc nipiri,Bonny,A,Int,16,16
Fc nipiri,Buffon L.,A,Pis,1,1
Non troppo cattivi,Perin,P,Juv,1,1
Non troppo cattivi,Svilar,P,Rom,15,15
Non troppo cattivi,Vasquez D.,P,Rom,1,1
Non troppo cattivi,Dimarco,D,Int,19,19
Non troppo cattivi,Bianchetti,D,Cre,3,3
Non troppo cattivi,Martin,D,Gen,10,10
Non troppo cattivi,Angelino,D,Rom,15,15
Non troppo cattivi,Zemura,D,Udi,3,3
Non troppo cattivi,Tiago Gabriel,D,Lec,2,2
Non troppo cattivi,Angori,D,Pis,5,5
Non troppo cattivi,Orsolini,C,Bol,31,31
Non troppo cattivi,Pulisic,C,Mil,28,28
Non troppo cattivi,McTominay,C,Nap,26,26
Non troppo cattivi,Niasse,C,Ver,3,3
Non troppo cattivi,Ndour,C,Fio,2,2
Non troppo cattivi,Kaba,C,Lec,2,2
Non troppo cattivi,Prati,C,Cag,3,3
Non troppo cattivi,Paz N.,C,Com,20,20
Non troppo cattivi,Pinamonti,A,Sas,17,17
Non troppo cattivi,Thuram,A,Int,31,31
Non troppo cattivi,Sarr A.,A,Ver,5,5
Non troppo cattivi,Almqvist,A,Par,4,4
Non troppo cattivi,Moro L.,A,Sas,1,1
BOBONE32,Lezzerini,P,Fio,1,1
BOBONE32,De Gea,P,Fio,14,14
BOBONE32,Martinelli T. *,P,Fio,1,1
BOBONE32,Gallo,D,Lec,5,5
BOBONE32,Pavlovic,D,Mil,9,9
BOBONE32,Cambiaso,D,Juv,15,15
BOBONE32,Ramon,D,Com,6,6
BOBONE32,Tiago Gabriel,D,Lec,2,2
BOBONE32,Canestrelli,D,Pis,3,3
BOBONE32,Ndiaye,D,Par,3,3
BOBONE32,Barella,C,Int,14,14
BOBONE32,McTominay,C,Nap,25,25
BOBONE32,Saelemaekers,C,Mil,12,12
BOBONE32,Asllani,C,Tor,4,4
BOBONE32,Aebischer,C,Pis,4,4
BOBONE32,Carboni V. *,C,Gen,11,11
BOBONE32,Folorunsho,C,Cag,9,9
BOBONE32,Paz N.,C,Com,20,20
BOBONE32,Berardi,A,Sas,21,21
BOBONE32,Martinez L.,A,Int,34,34
BOBONE32,Davis K.,A,Udi,13,13
BOBONE32,Castellanos *,A,Laz,21,21
BOBONE32,Bonny,A,Int,16,16
buttiglia25,Gollini,P,Rom,1,1
buttiglia25,Svilar,P,Rom,15,15
buttiglia25,Vasquez D.,P,Rom,1,1
buttiglia25,Pezzella Giu.,D,Cre,5,5
buttiglia25,Martin,D,Gen,10,10
buttiglia25,Zortea,D,Bol,16,16
buttiglia25,Bellanova,D,Ata,13,13
buttiglia25,Dumfries,D,Int,20,20
buttiglia25,Tiago Gabriel,D,Lec,1,1
buttiglia25,Idrissi R.,D,Cag,3,3
buttiglia25,Zaccagni,C,Laz,24,24
buttiglia25,Pulisic,C,Mil,28,28
buttiglia25,McTominay,C,Nap,26,26
buttiglia25,Akpa Akpro,C,Ver,3,3
buttiglia25,Estevez,C,Par,2,2
buttiglia25,Ricci S.,C,Mil,10,10
buttiglia25,Zerbin,C,Cre,3,3
buttiglia25,Tete Morente,C,Lec,9,9
buttiglia25,Pavoletti,A,Cag,2,2
buttiglia25,Bonazzoli,A,Cre,1,1
buttiglia25,Vlahovic,A,Juv,21,21
buttiglia25,Thuram,A,Int,29,29
buttiglia25,Benedyczak,A,Par,1,1
kalashnikov,Skorupski,P,Bol,10,10
kalashnikov,Ravaglia F.,P,Bol,3,3
kalashnikov,Pessina Mas.,P,Bol,1,1
kalashnikov,Juan Jesus,D,Nap,4,4
kalashnikov,Sernicola *,D,Cre,1,1
kalashnikov,Mina,D,Cag,7,7
kalashnikov,Rrahmani,D,Nap,7,7
kalashnikov,Pavlovic,D,Mil,7,7
kalashnikov,Dumfries,D,Int,16,16
kalashnikov,Cambiaso,D,Juv,15,15
kalashnikov,Politano,C,Nap,16,16
kalashnikov,Barella,C,Int,14,14
kalashnikov,Pasalic,C,Ata,11,11
kalashnikov,Pulisic,C,Mil,28,28
kalashnikov,Zaniolo,C,Udi,15,15
kalashnikov,Messias,C,Gen,7,7
kalashnikov,Zarraga,C,Udi,2,2
kalashnikov,Adzic,C,Juv,1,1
kalashnikov,Kean,A,Fio,33,33
kalashnikov,Leao,A,Mil,23,23
kalashnikov,Lookman,A,Ata,19,19
kalashnikov,Bonny,A,Int,5,5
kalashnikov,Meister,A,Pis,3,3
SPOSTATI,Lezzerini,P,Fio,1,1
SPOSTATI,De Gea,P,Fio,14,14
SPOSTATI,Martinelli T. *,P,Fio,1,1
SPOSTATI,Pezzella Giu.,D,Cre,6,6
SPOSTATI,Martin,D,Gen,10,10
SPOSTATI,Mina,D,Cag,7,7
SPOSTATI,Bellanova,D,Ata,13,13
SPOSTATI,Terracciano F.,D,Cre,2,2
SPOSTATI,Valle,D,Com,6,6
SPOSTATI,Lovik *,D,Par,3,3
SPOSTATI,El Shaarawy,C,Rom,8,8
SPOSTATI,Pulisic,C,Mil,28,28
SPOSTATI,Saelemaekers,C,Mil,12,12
SPOSTATI,Tramoni M.,C,Pis,12,12
SPOSTATI,Vranckx,C,Sas,4,4
SPOSTATI,Isaksen,C,Laz,14,14
SPOSTATI,Kaba,C,Lec,1,1
SPOSTATI,Paz N.,C,Com,20,20
SPOSTATI,Leao,A,Mil,24,24
SPOSTATI,Thuram,A,Int,31,31
SPOSTATI,Hojlund,A,Nap,24,24
SPOSTATI,Meister,A,Pis,2,2
SPOSTATI,Giovane,A,Nap,1,1
Lions,Sportiello,P,Ata,1,1
Lions,Perin,P,Juv,1,1
Lions,Di Gregorio,P,Juv,16,16
Lions,Di Lorenzo,D,Nap,14,14
Lions,Bellanova,D,Ata,13,13
Lions,Cambiaso,D,Juv,15,15
Lions,Kristensen T.,D,Udi,7,7
Lions,Van Der Brempt,D,Com,2,2
Lions,Tiago Gabriel,D,Lec,1,1
Lions,Provstgaard,D,Laz,3,3
Lions,Politano,C,Nap,15,15
Lions,Orsolini,C,Bol,31,31
Lions,Pulisic,C,Mil,28,28
Lions,McTominay,C,Nap,26,26
Lions,Ndour,C,Fio,2,2
Lions,Kaba,C,Lec,1,1
Lions,Prati,C,Cag,3,3
Lions,Paz N.,C,Com,21,21
Lions,Thuram,A,Int,31,31
Lions,Cancellieri,A,Laz,3,3
Lions,Almqvist,A,Par,4,4
Lions,Rodriguez Je.,A,Com,6,6
Lions,Moro L.,A,Sas,1,1
CISCO TEAM,Milinkovic-Savic V.,P,Nap,4,4
CISCO TEAM,Terracciano,P,Mil,1,1
CISCO TEAM,Maignan,P,Mil,16,16
CISCO TEAM,Martin,D,Gen,10,10
CISCO TEAM,Cambiaso,D,Juv,15,15
CISCO TEAM,Doig,D,Sas,6,6
CISCO TEAM,Valeri,D,Par,10,10
CISCO TEAM,Norton-Cuffy,D,Gen,6,6
CISCO TEAM,Tiago Gabriel,D,Lec,1,1
CISCO TEAM,Canestrelli,D,Pis,3,3
CISCO TEAM,Pellegrini Lo.,C,Rom,16,16
CISCO TEAM,Zaccagni,C,Laz,26,26
CISCO TEAM,Pulisic,C,Mil,28,28
CISCO TEAM,Asllani,C,Tor,4,4
CISCO TEAM,Aebischer,C,Pis,4,4
CISCO TEAM,Prati,C,Cag,3,3
CISCO TEAM,Marchwinski,C,Lec,1,1
CISCO TEAM,Paz N.,C,Com,21,21
CISCO TEAM,Berardi,A,Sas,24,24
CISCO TEAM,Vlahovic,A,Juv,21,21
CISCO TEAM,Cancellieri,A,Laz,3,3
CISCO TEAM,Ferguson E.,A,Rom,19,19
CISCO TEAM,Giovane,A,Nap,1,1
FC Plasmon,Perin,P,Juv,1,1
FC Plasmon,Provedel,P,Laz,12,12
FC Plasmon,Mandas *,P,Laz,3,3
FC Plasmon,Martin,D,Gen,10,10
FC Plasmon,Miranda J.,D,Bol,9,9
FC Plasmon,Angelino,D,Rom,8,8
FC Plasmon,Cambiaso,D,Juv,15,15
FC Plasmon,Terracciano F.,D,Cre,2,2
FC Plasmon,Dodò,D,Fio,11,11
FC Plasmon,Tiago Gabriel,D,Lec,1,1
FC Plasmon,Pulisic,C,Mil,28,28
FC Plasmon,Malinovskyi,C,Gen,7,7
FC Plasmon,Akpa Akpro,C,Ver,1,1
FC Plasmon,Zerbin,C,Cre,3,3
FC Plasmon,Ndour,C,Fio,2,2
FC Plasmon,Isaksen,C,Laz,14,14
FC Plasmon,Kaba,C,Lec,1,1
FC Plasmon,Paz N.,C,Com,20,20
FC Plasmon,Kean,A,Fio,31,31
FC Plasmon,Leao,A,Mil,26,26
FC Plasmon,Thuram,A,Int,31,31
FC Plasmon,Giovane,A,Nap,1,1
FC Plasmon,Buffon L.,A,Pis,1,1
Piovra73,Sportiello,P,Ata,1,1
Piovra73,Terracciano,P,Mil,1,1
Piovra73,Maignan,P,Mil,16,16
Piovra73,Cambiaso,D,Juv,15,15
Piovra73,Tavares N.,D,Laz,12,12
Piovra73,Terracciano F.,D,Cre,5,5
Piovra73,Marcandalli,D,Gen,2,2
Piovra73,Tiago Gabriel,D,Lec,1,1
Piovra73,Veiga D.,D,Lec,2,2
Piovra73,Canestrelli,D,Pis,3,3
Piovra73,Zaccagni,C,Laz,26,26
Piovra73,Modric,C,Mil,12,12
Piovra73,Tramoni M.,C,Pis,12,12
Piovra73,Asllani,C,Tor,4,4
Piovra73,Kaba,C,Lec,1,1
Piovra73,Paz N.,C,Com,20,20
Piovra73,Vandeputte,C,Cre,12,12
Piovra73,Sorensen O.,C,Par,5,5
Piovra73,Berardi,A,Sas,24,24
Piovra73,Kean,A,Fio,31,31
Piovra73,Martinez L.,A,Int,27,27
Piovra73,Ekuban,A,Gen,2,2
Piovra73,Giovane,A,Nap,1,1
Leonte FC,Perin,P,Juv,1,1
Leonte FC,Di Gregorio,P,Juv,16,16
Leonte FC,Nava,P,Cre,1,1
Leonte FC,Bastoni,D,Int,16,16
Leonte FC,Di Lorenzo,D,Nap,14,14
Leonte FC,Pavlovic,D,Mil,12,12
Leonte FC,Valenti,D,Par,4,4
Leonte FC,Dodò,D,Fio,11,11
Leonte FC,Canestrelli,D,Pis,3,3
Leonte FC,Esteves T. *,D,Pis,1,1
Leonte FC,Pulisic,C,Mil,28,28
Leonte FC,McTominay,C,Nap,26,26
Leonte FC,Estevez,C,Par,2,2
Leonte FC,Basic,C,Laz,1,1
Leonte FC,Folorunsho,C,Cag,9,9
Leonte FC,Ndour,C,Fio,2,2
Leonte FC,Kaba,C,Lec,1,1
Leonte FC,Tourè I.,C,Pis,9,9
Leonte FC,Leao,A,Mil,26,26
Leonte FC,Thuram,A,Int,31,31
Leonte FC,Cancellieri,A,Laz,3,3
Leonte FC,Soulè,A,Rom,20,20
Leonte FC,Stulic,A,Lec,8,8
Concali Craboni FC,Provedel,P,Laz,12,12
Concali Craboni FC,Furlanetto,P,Laz,1,1
Concali Craboni FC,Mandas *,P,Laz,3,3
Concali Craboni FC,Dimarco,D,Int,27,27
Concali Craboni FC,Akanji,D,Int,10,10
Concali Craboni FC,Mina,D,Cag,7,7
Concali Craboni FC,Baschirotto,D,Cre,8,8
Concali Craboni FC,Palestra,D,Cag,4,4
Concali Craboni FC,Valle,D,Com,6,6
Concali Craboni FC,Canestrelli,D,Pis,3,3
Concali Craboni FC,Barella,C,Int,14,14
Concali Craboni FC,Pulisic,C,Mil,28,28
Concali Craboni FC,Zambo Anguissa,C,Nap,15,15
Concali Craboni FC,Vranckx,C,Sas,4,4
Concali Craboni FC,Berisha M.,C,Lec,3,3
Concali Craboni FC,Akinsanmiro,C,Pis,3,3
Concali Craboni FC,Paz N.,C,Com,21,21
Concali Craboni FC,Tourè I.,C,Pis,6,6
Concali Craboni FC,Bonazzoli,A,Cre,13,13
Concali Craboni FC,Simeone,A,Tor,18,18
Concali Craboni FC,Esposito Se.,A,Cag,7,7
Concali Craboni FC,David,A,Juv,27,27
Concali Craboni FC,Douvikas,A,Com,9,9
LEONE,Meret,P,Nap,16,16
LEONE,Milinkovic-Savic V.,P,Nap,4,4
LEONE,Contini,P,Nap,1,1
LEONE,Bremer,D,Juv,13,13
LEONE,Pavlovic,D,Mil,7,7
LEONE,Cambiaso,D,Juv,15,15
LEONE,Dodò,D,Fio,11,11
LEONE,Bisseck,D,Int,5,5
LEONE,Kempf,D,Com,6,6
LEONE,Wesley,D,Rom,14,14
LEONE,Adopo,C,Cag,6,6
LEONE,Saelemaekers,C,Mil,12,12
LEONE,Tramoni M.,C,Pis,12,12
LEONE,Aebischer,C,Pis,4,4
LEONE,Ederson D.S.,C,Ata,9,9
LEONE,Paz N.,C,Com,28,28
LEONE,Atta,C,Udi,6,6
LEONE,Stanciu *,C,Gen,8,8
LEONE,Berardi,A,Sas,24,24
LEONE,Simeone,A,Tor,11,11
LEONE,Piccoli,A,Fio,17,17
LEONE,Davis K.,A,Udi,12,12
LEONE,Kilicsoy,A,Cag,6,6
XLiverpuh,Svilar,P,Rom,15,15
XLiverpuh,Vasquez D.,P,Rom,1,1
XLiverpuh,Zelezny,P,Rom,1,1
XLiverpuh,Pezzella Giu.,D,Cre,5,5
XLiverpuh,Lykogiannis,D,Bol,5,5
XLiverpuh,Terracciano F.,D,Cre,5,5
XLiverpuh,Paz Y.,D,Sas,1,1
XLiverpuh,Palestra,D,Cag,4,4
XLiverpuh,Valle,D,Com,6,6
XLiverpuh,Kempf,D,Com,10,10
XLiverpuh,Pulisic,C,Mil,28,28
XLiverpuh,Zaniolo,C,Udi,15,15
XLiverpuh,Saelemaekers,C,Mil,12,12
XLiverpuh,Zarraga,C,Udi,2,2
XLiverpuh,Prati,C,Cag,3,3
XLiverpuh,Marchwinski,C,Lec,1,1
XLiverpuh,Paz N.,C,Com,20,20
XLiverpuh,Atta,C,Udi,8,8
XLiverpuh,Bonazzoli,A,Cre,1,1
XLiverpuh,Esposito Se.,A,Cag,7,7
XLiverpuh,Leao,A,Mil,26,26
XLiverpuh,Thuram,A,Int,31,31
XLiverpuh,Hojlund,A,Nap,21,21
Sarzanello Team,Terracciano,P,Mil,1,1
Sarzanello Team,Maignan,P,Mil,16,16
Sarzanello Team,Okoye,P,Udi,6,6
Sarzanello Team,Martin,D,Gen,10,10
Sarzanello Team,Scalvini,D,Ata,8,8
Sarzanello Team,Tavares N.,D,Laz,12,12
Sarzanello Team,Barbieri,D,Cre,3,3
Sarzanello Team,Angori,D,Pis,5,5
Sarzanello Team,Joao Mario,D,Juv,8,8
Sarzanello Team,Wesley,D,Rom,15,15
Sarzanello Team,Pasalic,C,Ata,11,11
Sarzanello Team,Sergi Roberto,C,Com,4,4
Sarzanello Team,Adopo,C,Cag,5,5
Sarzanello Team,Carboni V. *,C,Gen,11,11
Sarzanello Team,Isaksen,C,Laz,14,14
Sarzanello Team,Paz N.,C,Com,20,20
Sarzanello Team,Atta,C,Udi,8,8
Sarzanello Team,Sucic P.,C,Int,9,9
Sarzanello Team,Kean,A,Fio,31,31
Sarzanello Team,Martinez L.,A,Int,34,34
Sarzanello Team,Esposito Se.,A,Cag,7,7
Sarzanello Team,Esposito F.P.,A,Int,7,7
Sarzanello Team,Giovane,A,Nap,3,3
FC Spiaze,Perin,P,Juv,1,1
FC Spiaze,Di Gregorio,P,Juv,16,16
FC Spiaze,Siegrist,P,Gen,1,1
FC Spiaze,Dimarco,D,Int,19,19
FC Spiaze,Angelino,D,Rom,8,8
FC Spiaze,Beukema,D,Nap,10,10
FC Spiaze,Delprato,D,Par,8,8
FC Spiaze,Palma *,D,Udi,1,1
FC Spiaze,Tiago Gabriel,D,Lec,1,1
FC Spiaze,Belghali,D,Ver,8,8
FC Spiaze,Leris,C,Pis,2,2
FC Spiaze,Pulisic,C,Mil,28,28
FC Spiaze,Tramoni M.,C,Pis,12,12
FC Spiaze,Ricci S.,C,Mil,10,10
FC Spiaze,Kaba,C,Lec,1,1
FC Spiaze,Paz N.,C,Com,20,20
FC Spiaze,Stanciu *,C,Gen,8,8
FC Spiaze,Iannoni,C,Sas,1,1
FC Spiaze,Bonazzoli,A,Cre,13,13
FC Spiaze,Martinez L.,A,Int,34,34
FC Spiaze,De Ketelaere,A,Ata,22,22
FC Spiaze,Benedyczak,A,Par,1,1
FC Spiaze,Rodriguez Je.,A,Com,6,6
KARABE 1975,Skorupski,P,Bol,10,10
KARABE 1975,Ravaglia F.,P,Bol,3,3
KARABE 1975,Pessina Mas.,P,Bol,1,1
KARABE 1975,Zappacosta,D,Ata,9,9
KARABE 1975,Marusic,D,Laz,8,8
KARABE 1975,Pavlovic,D,Mil,7,7
KARABE 1975,Valeri,D,Par,10,10
KARABE 1975,Tiago Gabriel,D,Lec,1,1
KARABE 1975,Idrissi R.,D,Cag,3,3
KARABE 1975,Canestrelli,D,Pis,3,3
KARABE 1975,Zaccagni,C,Laz,26,26
KARABE 1975,Pulisic,C,Mil,28,28
KARABE 1975,Gudmundsson A.,C,Fio,17,17
KARABE 1975,Gineitis,C,Tor,5,5
KARABE 1975,Ndour,C,Fio,2,2
KARABE 1975,Prati,C,Cag,3,3
KARABE 1975,Karlstrom,C,Udi,6,6
KARABE 1975,Stanciu *,C,Gen,8,8
KARABE 1975,Kean,A,Fio,31,31
KARABE 1975,Esposito Se.,A,Cag,7,7
KARABE 1975,Leao,A,Mil,26,26
KARABE 1975,Thuram,A,Int,29,29
KARABE 1975,Colombo,A,Gen,6,6
SPARROW,Gollini,P,Rom,1,1
SPARROW,Terracciano,P,Mil,1,1
SPARROW,Maignan,P,Mil,16,16
SPARROW,Martin,D,Gen,10,10
SPARROW,Bellanova,D,Ata,13,13
SPARROW,Valeri,D,Par,9,9
SPARROW,Dodò,D,Fio,11,11
SPARROW,Barbieri,D,Cre,3,3
SPARROW,Tiago Gabriel,D,Lec,1,1
SPARROW,Wesley,D,Rom,15,15
SPARROW,Pulisic,C,Mil,28,28
SPARROW,McTominay,C,Nap,24,24
SPARROW,Gudmundsson A.,C,Fio,17,17
SPARROW,Ilkhan,C,Tor,1,1
SPARROW,Kaba,C,Lec,1,1
SPARROW,Paz N.,C,Com,20,20
SPARROW,Tourè I.,C,Pis,7,7
SPARROW,Iannoni,C,Sas,1,1
SPARROW,Bonazzoli,A,Cre,1,1
SPARROW,Martinez L.,A,Int,27,27
SPARROW,Soulè,A,Rom,20,20
SPARROW,Esposito F.P.,A,Int,7,7
SPARROW,Gueye,A,Udi,1,1
DEEDPULLY,Gollini,P,Rom,1,1
DEEDPULLY,Svilar,P,Rom,15,15
DEEDPULLY,Vasquez D.,P,Rom,1,1
DEEDPULLY,Biraghi,D,Tor,8,8
DEEDPULLY,Mina,D,Cag,12,12
DEEDPULLY,Tavares N.,D,Laz,12,12
DEEDPULLY,De Winter,D,Mil,8,8
DEEDPULLY,Norton-Cuffy,D,Gen,3,3
DEEDPULLY,Muharemovic,D,Sas,7,7
DEEDPULLY,Joao Mario,D,Juv,8,8
DEEDPULLY,Orsolini,C,Bol,30,30
DEEDPULLY,Pulisic,C,Mil,28,28
DEEDPULLY,Zaniolo,C,Udi,15,15
DEEDPULLY,Loftus-Cheek,C,Mil,9,9
DEEDPULLY,Zalewski,C,Ata,7,7
DEEDPULLY,Ilkhan,C,Tor,1,1
DEEDPULLY,Kaba,C,Lec,1,1
DEEDPULLY,Iannoni,C,Sas,1,1
DEEDPULLY,Bonazzoli,A,Cre,1,1
DEEDPULLY,Berardi,A,Sas,21,21
DEEDPULLY,Thuram,A,Int,31,31
DEEDPULLY,Castro S.,A,Bol,24,24
DEEDPULLY,Kilicsoy,A,Cag,6,6
Temptation Haaland,Radunovic *,P,Cag,1,1
Temptation Haaland,Terracciano,P,Mil,1,1
Temptation Haaland,Maignan,P,Mil,16,16
Temptation Haaland,Martin,D,Gen,10,10
Temptation Haaland,Walukiewicz,D,Sas,5,5
Temptation Haaland,Lazaro,D,Tor,7,7
Temptation Haaland,Bellanova,D,Ata,13,13
Temptation Haaland,Valeri,D,Par,10,10
Temptation Haaland,Barbieri,D,Cre,3,3
Temptation Haaland,Frese,D,Ver,3,3
Temptation Haaland,Calhanoglu,C,Int,30,30
Temptation Haaland,Pulisic,C,Mil,28,28
Temptation Haaland,McTominay,C,Nap,26,26
Temptation Haaland,Zerbin,C,Cre,3,3
Temptation Haaland,Ndour,C,Fio,2,2
Temptation Haaland,Paz N.,C,Com,20,20
Temptation Haaland,Baturina,C,Com,9,9
Temptation Haaland,Stanciu *,C,Gen,8,8
Temptation Haaland,Kean,A,Fio,33,33
Temptation Haaland,Thuram,A,Int,31,31
Temptation Haaland,Moro L.,A,Sas,1,1
Temptation Haaland,Giovane,A,Nap,1,1
Temptation Haaland,Buffon L.,A,Pis,1,1
Pi-Ciaccio,Terracciano,P,Mil,1,1
Pi-Ciaccio,Maignan,P,Mil,16,16
Pi-Ciaccio,Martinez Jo.,P,Int,2,2
Pi-Ciaccio,Mancini,D,Rom,11,11
Pi-Ciaccio,Martin,D,Gen,10,10
Pi-Ciaccio,Bremer,D,Juv,13,13
Pi-Ciaccio,Di Lorenzo,D,Nap,14,14
Pi-Ciaccio,Mina,D,Cag,7,7
Pi-Ciaccio,Kempf,D,Com,5,5
Pi-Ciaccio,Tiago Gabriel,D,Lec,1,1
Pi-Ciaccio,Vazquez *,C,Cre,10,10
Pi-Ciaccio,Orsolini,C,Bol,31,31
Pi-Ciaccio,Pulisic,C,Mil,28,28
Pi-Ciaccio,Bondo,C,Cre,4,4
Pi-Ciaccio,Prati,C,Cag,3,3
Pi-Ciaccio,Akinsanmiro,C,Pis,3,3
Pi-Ciaccio,Paz N.,C,Com,20,20
Pi-Ciaccio,Atta,C,Udi,6,6
Pi-Ciaccio,Esposito Se.,A,Cag,7,7
Pi-Ciaccio,Thuram,A,Int,28,28
Pi-Ciaccio,Colombo,A,Gen,6,6
Pi-Ciaccio,Benedyczak,A,Par,1,1
Pi-Ciaccio,Giovane,A,Nap,1,1
LE 4 M,Sportiello,P,Ata,1,1
LE 4 M,Perin,P,Juv,1,1
LE 4 M,Di Gregorio,P,Juv,16,16
LE 4 M,Martin,D,Gen,10,10
LE 4 M,Sernicola *,D,Cre,1,1
LE 4 M,Dumfries,D,Int,20,20
LE 4 M,Delprato,D,Par,8,8
LE 4 M,Kempf,D,Com,10,10
LE 4 M,Van Der Brempt,D,Com,4,4
LE 4 M,Solet,D,Udi,11,11
LE 4 M,Pulisic,C,Mil,28,28
LE 4 M,Zaniolo,C,Udi,15,15
LE 4 M,Basic,C,Laz,1,1
LE 4 M,Ndour,C,Fio,2,2
LE 4 M,Prati,C,Cag,3,3
LE 4 M,Marchwinski,C,Lec,1,1
LE 4 M,Paz N.,C,Com,27,27
LE 4 M,Sucic P.,C,Int,9,9
LE 4 M,Kean,A,Fio,31,31
LE 4 M,Martinez L.,A,Int,34,34
LE 4 M,Leao,A,Mil,26,26
LE 4 M,Benedyczak,A,Par,1,1
LE 4 M,Buffon L.,A,Pis,1,1
i bro,Gollini,P,Rom,1,1
i bro,Svilar,P,Rom,15,15
i bro,Vasquez D.,P,Rom,1,1
i bro,Di Lorenzo,D,Nap,9,9
i bro,Mina,D,Cag,7,7
i bro,Lazaro,D,Tor,7,7
i bro,Dumfries,D,Int,20,20
i bro,Zemura,D,Udi,4,4
i bro,Paz Y.,D,Sas,1,1
i bro,Tiago Gabriel,D,Lec,1,1
i bro,Pulisic,C,Mil,28,28
i bro,Mkhitaryan,C,Int,9,9
i bro,McTominay,C,Nap,26,26
i bro,Akpa Akpro,C,Ver,1,1
i bro,Miretti,C,Juv,1,1
i bro,Zerbin,C,Cre,3,3
i bro,Folorunsho,C,Cag,9,9
i bro,Stanciu *,C,Gen,8,8
i bro,Vlahovic,A,Juv,21,21
i bro,Esposito Se.,A,Cag,7,7
i bro,Leao,A,Mil,26,26
i bro,Thuram,A,Int,31,31
i bro,Castro S.,A,Bol,22,22
Hellas merdona,Lezzerini,P,Fio,1,1
Hellas merdona,De Gea,P,Fio,14,14
Hellas merdona,Martinelli T. *,P,Fio,1,1
Hellas merdona,Marusic,D,Laz,8,8
Hellas merdona,Mancini,D,Rom,11,11
Hellas merdona,Lazaro,D,Tor,7,7
Hellas merdona,Dumfries,D,Int,20,20
Hellas merdona,Terracciano F.,D,Cre,2,2
Hellas merdona,Norton-Cuffy,D,Gen,3,3
Hellas merdona,Tiago Gabriel,D,Lec,1,1
Hellas merdona,Pulisic,C,Mil,28,28
Hellas merdona,Elmas,C,Nap,8,8
Hellas merdona,Adopo,C,Cag,5,5
Hellas merdona,Akpa Akpro,C,Ver,1,1
Hellas merdona,Thorstvedt,C,Sas,8,8
Hellas merdona,Bondo,C,Cre,3,3
Hellas merdona,Ilkhan,C,Tor,1,1
Hellas merdona,Paz N.,C,Com,28,28
Hellas merdona,Martinez L.,A,Int,34,34
Hellas merdona,Leao,A,Mil,26,26
Hellas merdona,Lookman,A,Ata,19,19
Hellas merdona,Banda,A,Lec,5,5
Hellas merdona,Ngonge,A,Tor,8,8
Sisal Palace,Milinkovic-Savic V.,P,Nap,4,4
Sisal Palace,Svilar,P,Rom,15,15
Sisal Palace,Vasquez D.,P,Rom,1,1
Sisal Palace,Di Lorenzo,D,Nap,9,9
Sisal Palace,Tomori,D,Mil,8,8
Sisal Palace,Estupinan,D,Mil,11,11
Sisal Palace,Cambiaso,D,Juv,15,15
Sisal Palace,Olivera,D,Nap,10,10
Sisal Palace,Kristensen T.,D,Udi,7,7
Sisal Palace,Canestrelli,D,Pis,3,3
Sisal Palace,Zaccagni,C,Laz,24,24
Sisal Palace,Barella,C,Int,14,14
Sisal Palace,Pulisic,C,Mil,28,28
Sisal Palace,Adopo,C,Cag,5,5
Sisal Palace,Akpa Akpro,C,Ver,1,1
Sisal Palace,Thuram K.,C,Juv,15,15
Sisal Palace,Zerbin,C,Cre,3,3
Sisal Palace,Iannoni,C,Sas,1,1
Sisal Palace,Scamacca,A,Ata,14,14
Sisal Palace,Thuram,A,Int,31,31
Sisal Palace,Ferguson E.,A,Rom,15,15
Sisal Palace,Dallinga,A,Bol,10,10
Sisal Palace,Giovane,A,Nap,1,1
real donk,Gollini,P,Rom,1,1
real donk,Svilar,P,Rom,15,15
real donk,Mandas *,P,Laz,3,3
real donk,Pezzella Giu.,D,Cre,5,5
real donk,Vojvoda,D,Com,6,6
real donk,Ostigard,D,Gen,5,5
real donk,Bertola,D,Udi,6,6
real donk,Gatti,D,Juv,8,8
real donk,Lucumì,D,Bol,8,8
real donk,Wesley,D,Rom,15,15
real donk,Pasalic,C,Ata,11,11
real donk,Orsolini,C,Bol,31,31
real donk,Pulisic,C,Mil,28,28
real donk,Zalewski,C,Ata,6,6
real donk,Aebischer,C,Pis,4,4
real donk,Pafundi *,C,Udi,1,1
real donk,Prati,C,Cag,3,3
real donk,Marchwinski,C,Lec,1,1
real donk,Berardi,A,Sas,21,21
real donk,Vlahovic,A,Juv,26,26
real donk,Krstovic,A,Ata,20,20
real donk,Pellegrino M.,A,Par,16,16
real donk,Giovane,A,Nap,1,1
Imperatori del culo,Ravaglia F.,P,Bol,3,3
Imperatori del culo,Terracciano,P,Mil,1,1
Imperatori del culo,Maignan,P,Mil,16,16
Imperatori del culo,Bastoni,D,Int,17,17
Imperatori del culo,Bellanova,D,Ata,13,13
Imperatori del culo,Cambiaso,D,Juv,15,15
Imperatori del culo,Ostigard,D,Gen,5,5
Imperatori del culo,Tiago Gabriel,D,Lec,1,1
Imperatori del culo,Vitik,D,Bol,8,8
Imperatori del culo,Idrissi R.,D,Cag,3,3
Imperatori del culo,Zaccagni,C,Laz,26,26
Imperatori del culo,Pulisic,C,Mil,28,28
Imperatori del culo,Adopo,C,Cag,5,5
Imperatori del culo,Akpa Akpro,C,Ver,1,1
Imperatori del culo,Tramoni M.,C,Pis,12,12
Imperatori del culo,Gudmundsson A.,C,Fio,17,17
Imperatori del culo,Sulemana I.,C,Cag,4,4
Imperatori del culo,Marchwinski,C,Lec,1,1
Imperatori del culo,Kean,A,Fio,22,22
Imperatori del culo,Martinez L.,A,Int,27,27
Imperatori del culo,Ferguson E.,A,Rom,19,19
Imperatori del culo,Giovane,A,Nap,1,1
Imperatori del culo,Buffon L.,A,Pis,1,1
Due Amici al Var,Perin,P,Juv,1,1
Due Amici al Var,Di Gregorio,P,Juv,16,16
Due Amici al Var,Sava,P,Udi,4,4
Due Amici al Var,Lazzari,D,Laz,4,4
Due Amici al Var,Lazaro,D,Tor,7,7
Due Amici al Var,Tomori,D,Mil,8,8
Due Amici al Var,Dodò,D,Fio,11,11
Due Amici al Var,Lovik *,D,Par,3,3
Due Amici al Var,Tiago Gabriel,D,Lec,1,1
Due Amici al Var,Wesley,D,Rom,14,14
Due Amici al Var,Pellegrini Lo.,C,Rom,16,16
Due Amici al Var,Kastanos,C,Ver,1,1
Due Amici al Var,Orsolini,C,Bol,30,30
Due Amici al Var,Pulisic,C,Mil,28,28
Due Amici al Var,Malinovskyi,C,Gen,8,8
Due Amici al Var,Gineitis,C,Tor,4,4
Due Amici al Var,Prati,C,Cag,3,3
Due Amici al Var,Paz N.,C,Com,21,21
Due Amici al Var,Pavoletti,A,Cag,1,1
Due Amici al Var,Kean,A,Fio,22,22
Due Amici al Var,David,A,Juv,13,13
Due Amici al Var,De Ketelaere,A,Ata,19,19
Due Amici al Var,Giovane,A,Nap,3,3
MARCIO TEAM,Perin,P,Juv,1,1
MARCIO TEAM,Di Gregorio,P,Juv,16,16
MARCIO TEAM,Mandas *,P,Laz,3,3
MARCIO TEAM,Hermoso,D,Rom,4,4
MARCIO TEAM,Casale,D,Bol,2,2
MARCIO TEAM,Dumfries,D,Int,20,20
MARCIO TEAM,Cambiaso,D,Juv,15,15
MARCIO TEAM,Obert,D,Cag,4,4
MARCIO TEAM,Norton-Cuffy,D,Gen,3,3
MARCIO TEAM,Palestra,D,Cag,4,4
MARCIO TEAM,Zaccagni,C,Laz,24,24
MARCIO TEAM,El Shaarawy,C,Rom,8,8
MARCIO TEAM,Pulisic,C,Mil,28,28
MARCIO TEAM,McTominay,C,Nap,24,24
MARCIO TEAM,Ilkhan,C,Tor,1,1
MARCIO TEAM,Ndour,C,Fio,2,2
MARCIO TEAM,Paz N.,C,Com,21,21
MARCIO TEAM,Stanciu *,C,Gen,8,8
MARCIO TEAM,Berardi,A,Sas,24,24
MARCIO TEAM,Martinez L.,A,Int,34,34
MARCIO TEAM,Esposito Se.,A,Cag,7,7
MARCIO TEAM,Ferguson E.,A,Rom,19,19
MARCIO TEAM,Moro L.,A,Sas,1,1
FC Galli,Scuffet,P,Pis,3,3
FC Galli,Gollini,P,Rom,1,1
FC Galli,Svilar,P,Rom,15,15
FC Galli,Lazzari,D,Laz,3,3
FC Galli,Sernicola *,D,Cre,1,1
FC Galli,Kalulu,D,Juv,9,9
FC Galli,Dumfries,D,Int,20,20
FC Galli,De Winter,D,Mil,8,8
FC Galli,Doig,D,Sas,4,4
FC Galli,Kristensen T.,D,Udi,5,5
FC Galli,Pasalic,C,Ata,11,11
FC Galli,Pulisic,C,Mil,28,28
FC Galli,Malinovskyi,C,Gen,7,7
FC Galli,McTominay,C,Nap,26,26
FC Galli,Akpa Akpro,C,Ver,1,1
FC Galli,Basic,C,Laz,1,1
FC Galli,Zarraga,C,Udi,3,3
FC Galli,Folorunsho,C,Cag,9,9
FC Galli,Martinez L.,A,Int,34,34
FC Galli,Leao,A,Mil,22,22
FC Galli,Soulè,A,Rom,25,25
FC Galli,Ekhator,A,Gen,1,1
FC Galli,Moro L.,A,Sas,1,1
coach 71,Milinkovic-Savic V.,P,Nap,4,4
coach 71,Terracciano,P,Mil,1,1
coach 71,Maignan,P,Mil,16,16
coach 71,Caracciolo A.,D,Pis,4,4
coach 71,Ranieri L.,D,Fio,7,7
coach 71,Miranda J.,D,Bol,9,9
coach 71,Dumfries,D,Int,20,20
coach 71,Terracciano F.,D,Cre,2,2
coach 71,Norton-Cuffy,D,Gen,6,6
coach 71,Tiago Gabriel,D,Lec,2,2
coach 71,Barella,C,Int,14,14
coach 71,Pulisic,C,Mil,28,28
coach 71,Zaniolo,C,Udi,15,15
coach 71,Adopo,C,Cag,5,5
coach 71,Akpa Akpro,C,Ver,1,1
coach 71,Ilkhan,C,Tor,1,1
coach 71,Kaba,C,Lec,1,1
coach 71,Paz N.,C,Com,21,21
coach 71,Kean,A,Fio,31,31
coach 71,Vlahovic,A,Juv,21,21
coach 71,Hojlund,A,Nap,21,21
coach 71,Ferguson E.,A,Rom,19,19
coach 71,Giovane,A,Nap,1,1
scarsenal,Radunovic *,P,Cag,1,1
scarsenal,Caprile,P,Cag,7,7
scarsenal,Ciocci,P,Cag,1,1
scarsenal,Pavlovic,D,Mil,7,7
scarsenal,Dodò,D,Fio,11,11
scarsenal,Kristensen T.,D,Udi,7,7
scarsenal,Norton-Cuffy,D,Gen,3,3
scarsenal,Ramon,D,Com,5,5
scarsenal,Canestrelli,D,Pis,3,3
scarsenal,Britschgi,D,Par,6,6
scarsenal,Zaccagni,C,Laz,26,26
scarsenal,Lobotka,C,Nap,9,9
scarsenal,McTominay,C,Nap,26,26
scarsenal,Saelemaekers,C,Mil,12,12
scarsenal,Tramoni M.,C,Pis,12,12
scarsenal,Gudmundsson A.,C,Fio,24,24
scarsenal,Zerbin,C,Cre,3,3
scarsenal,Atta,C,Udi,6,6
scarsenal,Pinamonti,A,Sas,16,16
scarsenal,Scamacca,A,Ata,14,14
scarsenal,Martinez L.,A,Int,27,27
scarsenal,Rodriguez Je.,A,Com,6,6
scarsenal,Giovane,A,Nap,1,1
BinuSpuntu,Radunovic *,P,Cag,1,1
BinuSpuntu,Sommer,P,Int,10,10
BinuSpuntu,Caprile,P,Cag,7,7
BinuSpuntu,Dumfries,D,Int,20,20
BinuSpuntu,Cambiaso,D,Juv,15,15
BinuSpuntu,Terracciano F.,D,Cre,2,2
BinuSpuntu,Valeri,D,Par,10,10
BinuSpuntu,Van Der Brempt,D,Com,4,4
BinuSpuntu,Canestrelli,D,Pis,3,3
BinuSpuntu,Esteves T. *,D,Pis,1,1
BinuSpuntu,McTominay,C,Nap,26,26
BinuSpuntu,Adopo,C,Cag,5,5
BinuSpuntu,Saelemaekers,C,Mil,12,12
BinuSpuntu,Da Cunha,C,Com,12,12
BinuSpuntu,Kaba,C,Lec,2,2
BinuSpuntu,Akinsanmiro,C,Pis,3,3
BinuSpuntu,Paz N.,C,Com,28,28
BinuSpuntu,Atta,C,Udi,6,6
BinuSpuntu,Bonazzoli,A,Cre,1,1
BinuSpuntu,Kean,A,Fio,31,31
BinuSpuntu,David,A,Juv,16,16
BinuSpuntu,Hojlund,A,Nap,21,21
BinuSpuntu,Benedyczak,A,Par,1,1
HeineKean,Gollini,P,Rom,1,1
HeineKean,Milinkovic-Savic V.,P,Nap,4,4
HeineKean,Svilar,P,Rom,15,15
HeineKean,Bellanova,D,Ata,13,13
HeineKean,Cambiaso,D,Juv,15,15
HeineKean,Dodò,D,Fio,11,11
HeineKean,Ramon,D,Com,4,4
HeineKean,Tiago Gabriel,D,Lec,1,1
HeineKean,Angori,D,Pis,5,5
HeineKean,Mbambi *,D,Pis,1,1
HeineKean,Politano,C,Nap,16,16
HeineKean,Loftus-Cheek,C,Mil,8,8
HeineKean,Gudmundsson A.,C,Fio,24,24
HeineKean,Folorunsho,C,Cag,9,9
HeineKean,Prati,C,Cag,3,3
HeineKean,Marchwinski,C,Lec,1,1
HeineKean,Conceicao,C,Juv,18,18
HeineKean,Stanciu *,C,Gen,8,8
HeineKean,Thuram,A,Int,31,31
HeineKean,David,A,Juv,27,27
HeineKean,Castellanos *,A,Laz,21,21
HeineKean,Cheddira,A,Lec,4,4
HeineKean,Addai,A,Com,7,7
Antibro,Svilar,P,Rom,15,15
Antibro,Vasquez D.,P,Rom,1,1
Antibro,Nava,P,Cre,1,1
Antibro,Bastoni,D,Int,17,17
Antibro,Vasquez,D,Gen,9,9
Antibro,Cambiaso,D,Juv,15,15
Antibro,Tavares N.,D,Laz,12,12
Antibro,Terracciano F.,D,Cre,2,2
Antibro,Dodò,D,Fio,11,11
Antibro,Vitik,D,Bol,8,8
Antibro,Orsolini,C,Bol,31,31
Antibro,Pulisic,C,Mil,28,28
Antibro,Estevez,C,Par,2,2
Antibro,Vlasic,C,Tor,15,15
Antibro,Asllani,C,Tor,4,4
Antibro,Aebischer,C,Pis,4,4
Antibro,Paz N.,C,Com,20,20
Antibro,Keita M.,C,Par,6,6
Antibro,Berardi,A,Sas,24,24
Antibro,Martinez L.,A,Int,27,27
Antibro,Esposito Se.,A,Cag,7,7
Antibro,Meister,A,Pis,3,3
Antibro,Giovane,A,Nap,1,1
Scarzooka,Perin,P,Juv,1,1
Scarzooka,Pinsoglio,P,Juv,1,1
Scarzooka,Di Gregorio,P,Juv,16,16
Scarzooka,Di Lorenzo,D,Nap,9,9
Scarzooka,Lazaro,D,Tor,7,7
Scarzooka,Vojvoda,D,Com,6,6
Scarzooka,Dumfries,D,Int,21,21
Scarzooka,Paz Y.,D,Sas,1,1
Scarzooka,Norton-Cuffy,D,Gen,3,3
Scarzooka,Tiago Gabriel,D,Lec,1,1
Scarzooka,Pulisic,C,Mil,28,28
Scarzooka,Adopo,C,Cag,5,5
Scarzooka,Zalewski,C,Ata,7,7
Scarzooka,Da Cunha,C,Com,11,11
Scarzooka,Zerbin,C,Cre,3,3
Scarzooka,Isaksen,C,Laz,14,14
Scarzooka,Paz N.,C,Com,27,27
Scarzooka,Liteta,C,Cag,1,1
Scarzooka,Kean,A,Fio,31,31
Scarzooka,Martinez L.,A,Int,34,34
Scarzooka,Leao,A,Mil,26,26
Scarzooka,Njie,A,Tor,1,1
Scarzooka,Buffon L.,A,Pis,1,1
Fc Cortomuso,Meret,P,Nap,16,16
Fc Cortomuso,Milinkovic-Savic V.,P,Nap,4,4
Fc Cortomuso,Sava,P,Udi,4,4
Fc Cortomuso,Martin,D,Gen,10,10
Fc Cortomuso,Bellanova,D,Ata,10,10
Fc Cortomuso,Pavlovic,D,Mil,7,7
Fc Cortomuso,Dodò,D,Fio,11,11
Fc Cortomuso,Palma *,D,Udi,1,1
Fc Cortomuso,Tiago Gabriel,D,Lec,1,1
Fc Cortomuso,Angori,D,Pis,5,5
Fc Cortomuso,Orsolini,C,Bol,30,30
Fc Cortomuso,Pulisic,C,Mil,28,28
Fc Cortomuso,Malinovskyi,C,Gen,7,7
Fc Cortomuso,Ilkhan,C,Tor,1,1
Fc Cortomuso,Kaba,C,Lec,1,1
Fc Cortomuso,Paz N.,C,Com,20,20
Fc Cortomuso,Atta,C,Udi,6,6
Fc Cortomuso,Venturino,C,Rom,3,3
Fc Cortomuso,Dybala,A,Rom,13,13
Fc Cortomuso,Martinez L.,A,Int,27,27
Fc Cortomuso,Leao,A,Mil,22,22
Fc Cortomuso,Pellegrino M.,A,Par,13,13
Fc Cortomuso,Giovane,A,Nap,1,1
I Cigni,Sportiello,P,Ata,1,1
I Cigni,Sommer,P,Int,16,16
I Cigni,Martinez Jo.,P,Int,2,2
I Cigni,Hermoso,D,Rom,4,4
I Cigni,Tavares N.,D,Laz,12,12
I Cigni,Doig,D,Sas,6,6
I Cigni,Valeri,D,Par,10,10
I Cigni,Dodò,D,Fio,11,11
I Cigni,Valle,D,Com,6,6
I Cigni,Esteves T. *,D,Pis,1,1
I Cigni,Politano,C,Nap,13,13
I Cigni,El Shaarawy,C,Rom,8,8
I Cigni,Akpa Akpro,C,Ver,1,1
I Cigni,Tramoni M.,C,Pis,12,12
I Cigni,Zhegrova,C,Juv,14,14
I Cigni,Folorunsho,C,Cag,9,9
I Cigni,Ndour,C,Fio,2,2
I Cigni,Isaksen,C,Laz,13,13
I Cigni,Berardi,A,Sas,21,21
I Cigni,Kean,A,Fio,22,22
I Cigni,Martinez L.,A,Int,34,34
I Cigni,Almqvist,A,Par,4,4
I Cigni,Castellanos *,A,Laz,22,22
SILVEDO,Silvestri,P,Cre,1,1
SILVEDO,Terracciano,P,Mil,1,1
SILVEDO,Maignan,P,Mil,16,16
SILVEDO,Biraghi,D,Tor,8,8
SILVEDO,Ranieri L.,D,Fio,7,7
SILVEDO,Vasquez,D,Gen,9,9
SILVEDO,Holm,D,Bol,8,8
SILVEDO,Terracciano F.,D,Cre,2,2
SILVEDO,Dodò,D,Fio,11,11
SILVEDO,Idrissi R.,D,Cag,3,3
SILVEDO,Grassi,C,Cre,4,4
SILVEDO,Odgaard,C,Bol,19,19
SILVEDO,Zaniolo,C,Udi,15,15
SILVEDO,Koopmeiners,C,Juv,14,14
SILVEDO,Pisilli,C,Rom,7,7
SILVEDO,Folorunsho,C,Cag,9,9
SILVEDO,Ndour,C,Fio,2,2
SILVEDO,Paz N.,C,Com,20,20
SILVEDO,Pavoletti,A,Cag,1,1
SILVEDO,Berardi,A,Sas,21,21
SILVEDO,Lukaku,A,Nap,19,19
SILVEDO,Martinez L.,A,Int,27,27
SILVEDO,Davis K.,A,Udi,13,13
F.C Pennic Hellas,Milinkovic-Savic V.,P,Nap,4,4
F.C Pennic Hellas,Caprile,P,Cag,7,7
F.C Pennic Hellas,Mandas *,P,Laz,3,3
F.C Pennic Hellas,Dimarco,D,Int,27,27
F.C Pennic Hellas,Dodò,D,Fio,11,11
F.C Pennic Hellas,Norton-Cuffy,D,Gen,3,3
F.C Pennic Hellas,Valle,D,Com,6,6
F.C Pennic Hellas,Tiago Gabriel,D,Lec,1,1
F.C Pennic Hellas,Muharemovic,D,Sas,4,4
F.C Pennic Hellas,Ndaba,D,Lec,1,1
F.C Pennic Hellas,Zaccagni,C,Laz,26,26
F.C Pennic Hellas,Pulisic,C,Mil,28,28
F.C Pennic Hellas,Adopo,C,Cag,5,5
F.C Pennic Hellas,Basic,C,Laz,1,1
F.C Pennic Hellas,Vlasic,C,Tor,14,14
F.C Pennic Hellas,Lipani,C,Sas,4,4
F.C Pennic Hellas,Ndour,C,Fio,2,2
F.C Pennic Hellas,Atta,C,Udi,6,6
F.C Pennic Hellas,Martinez L.,A,Int,34,34
F.C Pennic Hellas,Hojlund,A,Nap,24,24
F.C Pennic Hellas,Dallinga,A,Bol,10,10
F.C Pennic Hellas,Esposito F.P.,A,Int,7,7
F.C Pennic Hellas,Giovane,A,Nap,3,3
PEAKY BLINDERS,Radunovic *,P,Cag,1,1
PEAKY BLINDERS,Perin,P,Juv,1,1
PEAKY BLINDERS,Di Gregorio,P,Juv,16,16
PEAKY BLINDERS,Martin,D,Gen,10,10
PEAKY BLINDERS,Bellanova,D,Ata,13,13
PEAKY BLINDERS,Valeri,D,Par,10,10
PEAKY BLINDERS,Dodò,D,Fio,11,11
PEAKY BLINDERS,Barbieri,D,Cre,3,3
PEAKY BLINDERS,Frese,D,Ver,3,3
PEAKY BLINDERS,Norton-Cuffy,D,Gen,3,3
PEAKY BLINDERS,Orsolini,C,Bol,31,31
PEAKY BLINDERS,Calhanoglu,C,Int,30,30
PEAKY BLINDERS,Pulisic,C,Mil,28,28
PEAKY BLINDERS,Adopo,C,Cag,5,5
PEAKY BLINDERS,Zerbin,C,Cre,3,3
PEAKY BLINDERS,Kaba,C,Lec,1,1
PEAKY BLINDERS,Paz N.,C,Com,21,21
PEAKY BLINDERS,Sorensen O.,C,Par,5,5
PEAKY BLINDERS,Leao,A,Mil,23,23
PEAKY BLINDERS,Thuram,A,Int,31,31
PEAKY BLINDERS,Moro L.,A,Sas,1,1
PEAKY BLINDERS,Giovane,A,Nap,1,1
PEAKY BLINDERS,Buffon L.,A,Pis,1,1
FC Buttarighe,Lezzerini,P,Fio,1,1
FC Buttarighe,De Gea,P,Fio,14,14
FC Buttarighe,Terracciano,P,Mil,1,1
FC Buttarighe,Mina,D,Cag,7,7
FC Buttarighe,Dumfries,D,Int,20,20
FC Buttarighe,Dodò,D,Fio,12,12
FC Buttarighe,Delprato,D,Par,8,8
FC Buttarighe,Norton-Cuffy,D,Gen,6,6
FC Buttarighe,Van Der Brempt,D,Com,4,4
FC Buttarighe,Coppola F.,D,Pis,1,1
FC Buttarighe,El Shaarawy,C,Rom,8,8
FC Buttarighe,Leris,C,Pis,2,2
FC Buttarighe,Pulisic,C,Mil,28,28
FC Buttarighe,Modric,C,Mil,12,12
FC Buttarighe,McTominay,C,Nap,26,26
FC Buttarighe,Zalewski,C,Ata,6,6
FC Buttarighe,Paz N.,C,Com,20,20
FC Buttarighe,Hojholt,C,Pis,1,1
FC Buttarighe,Bonazzoli,A,Cre,3,3
FC Buttarighe,Thuram,A,Int,29,29
FC Buttarighe,Ferguson E.,A,Rom,13,13
FC Buttarighe,Esposito F.P.,A,Int,7,7
FC Buttarighe,Rodriguez Je.,A,Com,6,6
mezzebirre,Maignan,P,Mil,16,16
mezzebirre,Caprile,P,Cag,7,7
mezzebirre,Ciocci,P,Cag,1,1
mezzebirre,Holm,D,Bol,8,8
mezzebirre,Barbieri,D,Cre,3,3
mezzebirre,Beukema,D,Nap,10,10
mezzebirre,Kempf,D,Com,5,5
mezzebirre,Canestrelli,D,Pis,4,4
mezzebirre,Esteves T. *,D,Pis,1,1
mezzebirre,Wesley,D,Rom,14,14
mezzebirre,Zaccagni,C,Laz,26,26
mezzebirre,Pulisic,C,Mil,28,28
mezzebirre,Odgaard,C,Bol,16,16
mezzebirre,Zerbin,C,Cre,3,3
mezzebirre,Ilkhan,C,Tor,1,1
mezzebirre,Folorunsho,C,Cag,9,9
mezzebirre,Ndour,C,Fio,2,2
mezzebirre,Neres,C,Nap,13,13
mezzebirre,Morata,A,Com,18,18
mezzebirre,Leao,A,Mil,24,24
mezzebirre,Davis K.,A,Udi,13,13
mezzebirre,Camarda,A,Lec,12,12
mezzebirre,Addai,A,Com,10,10
ISGOPPAISI2,Milinkovic-Savic V.,P,Nap,4,4
ISGOPPAISI2,Svilar,P,Rom,15,15
ISGOPPAISI2,Vasquez D.,P,Rom,1,1
ISGOPPAISI2,Di Lorenzo,D,Nap,14,14
ISGOPPAISI2,Sernicola *,D,Cre,1,1
ISGOPPAISI2,Vojvoda,D,Com,6,6
ISGOPPAISI2,Dodò,D,Fio,11,11
ISGOPPAISI2,Lucumì,D,Bol,9,9
ISGOPPAISI2,Tiago Gabriel,D,Lec,2,2
ISGOPPAISI2,Joao Mario,D,Juv,8,8
ISGOPPAISI2,Zaccagni,C,Laz,26,26
ISGOPPAISI2,Calhanoglu,C,Int,30,30
ISGOPPAISI2,Adopo,C,Cag,5,5
ISGOPPAISI2,Saelemaekers,C,Mil,12,12
ISGOPPAISI2,Akpa Akpro,C,Ver,1,1
ISGOPPAISI2,Sulemana I.,C,Cag,1,1
ISGOPPAISI2,Boloca,C,Sas,6,6
ISGOPPAISI2,Paz N.,C,Com,20,20
ISGOPPAISI2,Scamacca,A,Ata,16,16
ISGOPPAISI2,Thuram,A,Int,31,31
ISGOPPAISI2,David,A,Juv,13,13
ISGOPPAISI2,Soulè,A,Rom,20,20
ISGOPPAISI2,Bonny,A,Int,5,5
Kung-Fu Pandev,Di Gennaro,P,Int,1,1
Kung-Fu Pandev,Sommer,P,Int,16,16
Kung-Fu Pandev,Martinez Jo.,P,Int,2,2
Kung-Fu Pandev,Pezzella Giu.,D,Cre,5,5
Kung-Fu Pandev,Angelino,D,Rom,15,15
Kung-Fu Pandev,Valenti,D,Par,5,5
Kung-Fu Pandev,Cambiaso,D,Juv,15,15
Kung-Fu Pandev,Doig,D,Sas,6,6
Kung-Fu Pandev,Tiago Gabriel,D,Lec,1,1
Kung-Fu Pandev,Veiga D.,D,Lec,1,1
Kung-Fu Pandev,Politano,C,Nap,16,16
Kung-Fu Pandev,McKennie,C,Juv,6,6
Kung-Fu Pandev,Vlasic,C,Tor,14,14
Kung-Fu Pandev,Asllani,C,Tor,4,4
Kung-Fu Pandev,Zarraga,C,Udi,2,2
Kung-Fu Pandev,Marchwinski,C,Lec,1,1
Kung-Fu Pandev,Paz N.,C,Com,20,20
Kung-Fu Pandev,Conceicao,C,Juv,18,18
Kung-Fu Pandev,Kean,A,Fio,31,31
Kung-Fu Pandev,Soulè,A,Rom,20,20
Kung-Fu Pandev,Hojlund,A,Nap,21,21
Kung-Fu Pandev,Benedyczak,A,Par,1,1
Kung-Fu Pandev,Pellegrino M.,A,Par,13,13
Riccardigno,Terracciano,P,Mil,1,1
Riccardigno,Maignan,P,Mil,16,16
Riccardigno,Okoye,P,Udi,5,5
Riccardigno,Angelino,D,Rom,15,15
Riccardigno,Tavares N.,D,Laz,12,12
Riccardigno,Doig,D,Sas,6,6
Riccardigno,Valeri,D,Par,10,10
Riccardigno,Kempf,D,Com,5,5
Riccardigno,Tiago Gabriel,D,Lec,1,1
Riccardigno,Canestrelli,D,Pis,3,3
Riccardigno,Politano,C,Nap,15,15
Riccardigno,Pulisic,C,Mil,28,28
Riccardigno,Zaniolo,C,Udi,15,15
Riccardigno,Akpa Akpro,C,Ver,1,1
Riccardigno,Zerbin,C,Cre,3,3
Riccardigno,Isaksen,C,Laz,13,13
Riccardigno,Paz N.,C,Com,20,20
Riccardigno,Sucic P.,C,Int,14,14
Riccardigno,Bonazzoli,A,Cre,1,1
Riccardigno,Berardi,A,Sas,21,21
Riccardigno,Kean,A,Fio,31,31
Riccardigno,David,A,Juv,16,16
Riccardigno,Aboukhlal,A,Tor,9,9
Nastro Azzurro,Gollini,P,Rom,1,1
Nastro Azzurro,Svilar,P,Rom,15,15
Nastro Azzurro,Vasquez D.,P,Rom,1,1
Nastro Azzurro,Pezzella Giu.,D,Cre,5,5
Nastro Azzurro,Gosens,D,Fio,18,18
Nastro Azzurro,Gabbia,D,Mil,7,7
Nastro Azzurro,Valenti,D,Par,4,4
Nastro Azzurro,Obert,D,Cag,4,4
Nastro Azzurro,Veiga D.,D,Lec,2,2
Nastro Azzurro,Angori,D,Pis,5,5
Nastro Azzurro,Orsolini,C,Bol,31,31
Nastro Azzurro,Pulisic,C,Mil,28,28
Nastro Azzurro,McTominay,C,Nap,26,26
Nastro Azzurro,Saelemaekers,C,Mil,12,12
Nastro Azzurro,Asllani,C,Tor,4,4
Nastro Azzurro,Zerbin,C,Cre,3,3
Nastro Azzurro,Prati,C,Cag,4,4
Nastro Azzurro,Paz N.,C,Com,21,21
Nastro Azzurro,Kean,A,Fio,33,33
Nastro Azzurro,Vardy,A,Cre,19,19
Nastro Azzurro,Cancellieri,A,Laz,10,10
Nastro Azzurro,Castellanos *,A,Laz,22,22
Nastro Azzurro,Buffon L.,A,Pis,1,1
Collocolo Team,Gollini,P,Rom,1,1
Collocolo Team,Sommer,P,Int,16,16
Collocolo Team,Martinez Jo.,P,Int,2,2
Collocolo Team,Martin,D,Gen,10,10
Collocolo Team,Di Lorenzo,D,Nap,14,14
Collocolo Team,Sernicola *,D,Cre,1,1
Collocolo Team,Estupinan,D,Mil,11,11
Collocolo Team,Valeri,D,Par,10,10
Collocolo Team,Norton-Cuffy,D,Gen,3,3
Collocolo Team,Belghali,D,Ver,8,8
Collocolo Team,Politano,C,Nap,15,15
Collocolo Team,Rog *,C,Cag,1,1
Collocolo Team,Pulisic,C,Mil,28,28
Collocolo Team,Basic,C,Laz,1,1
Collocolo Team,Gudmundsson A.,C,Fio,17,17
Collocolo Team,Isaksen,C,Laz,14,14
Collocolo Team,Marchwinski,C,Lec,1,1
Collocolo Team,Atta,C,Udi,8,8
Collocolo Team,Kean,A,Fio,33,33
Collocolo Team,Martinez L.,A,Int,34,34
Collocolo Team,Leao,A,Mil,26,26
Collocolo Team,Pellegrino M.,A,Par,13,13
Collocolo Team,Buffon L.,A,Pis,1,1
