Giocatore,Squadra,Gol,Autogol,RigoriParati,RigoriSegnati,RigoriSbagliati,Assist,Ammonizioni,Espulsioni,Cleansheet,Partite,Mediavoto,Fantamedia,GolVittoria,GolPareggio,GolSubiti
Audero,Cremonese,0,0,1,0,0,0,0,0,6,19,6.26,5.16,0.0,0.0,24.0
Bijlow,Genoa,0,0,0,0,0,0,0,0,0,2,6.0,3.5,0.0,0.0,5.0
Butez,Como,0,0,1,0,0,0,2,0,11,23,6.11,5.5,0.0,0.0,16.0
Calligaris,Inter,0,0,0,0,0,0,0,0,0,0,0.0,0.0,0.0,0.0,0.0
Caprile,Cagliari,0,0,0,0,0,0,2,0,4,23,6.37,4.98,0.0,0.0,31.0
Carnesecchi,Atalanta,0,0,2,0,0,0,0,0,8,23,6.46,5.85,0.0,0.0,20.0
Cavlina,Como,0,0,0,0,0,0,0,0,0,0,0.0,0.0,0.0,0.0,0.0
Christensen O.,Fiorentina,0,0,0,0,0,0,0,0,0,0,0.0,0.0,0.0,0.0,0.0
Ciocci,Cagliari,0,0,0,0,0,0,0,0,0,0,0.0,0.0,0.0,0.0,0.0
Contini,Napoli,0,0,0,0,0,0,0,0,0,0,0.0,0.0,0.0,0.0,0.0
Corvi,Parma,0,0,0,0,0,0,1,0,3,11,6.0,4.5,0.0,0.0,16.0
De Gea,Fiorentina,0,0,1,0,0,0,0,0,3,23,6.17,4.74,0.0,0.0,36.0
Di Gennaro,Inter,0,0,0,0,0,0,0,0,0,0,0.0,0.0,0.0,0.0,0.0
Di Gregorio,Juventus,0,0,0,0,0,0,1,0,9,20,6.18,5.4,0.0,0.0,15.0
Falcone,Lecce,0,0,2,0,0,0,2,0,7,23,6.48,5.39,0.0,0.0,30.0
Ferrante,Napoli,0,0,0,0,0,0,0,0,0,0,0.0,0.0,0.0,0.0,0.0
Fruchtl,Lecce,0,0,0,0,0,0,0,0,0,0,0.0,0.0,0.0,0.0,0.0
Furlanetto,Lazio,0,0,0,0,0,0,0,0,0,0,0.0,0.0,0.0,0.0,0.0
Gollini,Roma,0,0,0,0,0,0,0,0,0,0,0.0,0.0,0.0,0.0,0.0
Israel,Torino,0,0,0,0,0,0,1,0,3,9,5.89,3.83,0.0,0.0,18.0
Leali,Genoa,0,0,0,0,0,0,2,1,4,20,6.15,4.8,0.0,0.0,25.0
Lezzerini,Fiorentina,0,0,0,0,0,0,0,0,0,0,0.0,0.0,0.0,0.0,0.0
Maignan,Milan,0,0,2,0,0,0,3,0,8,22,6.39,5.82,0.0,0.0,17.0
Mandas *,Lazio,0,0,0,0,0,0,0,0,0,0,0.0,0.0,0.0,0.0,0.0
Martinez Jo.,Inter,0,0,0,0,0,0,0,0,1,2,6.25,5.75,0.0,0.0,1.0
Meret,Napoli,0,0,0,0,0,1,0,0,2,6,6.25,5.08,0.0,0.0,8.0
Milinkovic-Savic V.,Napoli,0,0,2,0,0,0,0,0,7,17,6.18,5.76,0.0,0.0,13.0
Montipò,Verona,0,0,1,0,0,0,0,0,3,20,6.15,4.6,0.0,0.0,34.0
Motta,Lazio,0,0,0,0,0,0,0,0,0,0,0.0,0.0,0.0,0.0,0.0
Muric,Sassuolo,0,0,0,0,0,0,4,0,5,22,6.16,4.84,0.0,0.0,27.0
Nava,Cremonese,0,0,0,0,0,0,0,0,0,0,0.0,0.0,0.0,0.0,0.0
Nicolas,Pisa,0,0,0,0,0,0,0,0,0,0,0.0,0.0,0.0,0.0,0.0
Nunziante,Udinese,0,0,0,0,0,0,0,0,0,0,0.0,0.0,0.0,0.0,0.0
Okoye,Udinese,0,0,1,0,0,0,0,1,3,15,5.93,4.87,0.0,0.0,18.0
Padelli,Udinese,0,0,0,0,0,0,0,0,0,2,6.25,5.25,0.0,0.0,2.0
Paleari,Torino,0,0,0,0,0,0,1,0,5,14,6.14,4.54,0.0,0.0,22.0
Perilli,Verona,0,0,0,0,0,0,0,0,1,3,6.17,3.83,0.0,0.0,7.0
Perin,Juventus,0,0,0,0,0,0,0,0,0,3,6.0,5.0,0.0,0.0,3.0
Pessina Mas.,Bologna,0,0,0,0,0,0,0,0,0,1,6.0,6.0,0.0,0.0,0.0
Pinsoglio,Juventus,0,0,0,0,0,0,0,0,0,0,0.0,0.0,0.0,0.0,0.0
Provedel,Lazio,0,0,1,0,0,0,1,0,11,23,6.28,5.48,0.0,0.0,21.0
Ravaglia F.,Bologna,0,0,0,0,0,0,3,0,2,13,6.27,4.46,0.0,0.0,19.0
Rinaldi,Parma,0,0,0,0,0,0,1,0,1,1,7.0,6.5,0.0,0.0,0.0
Rossi F.,Atalanta,0,0,0,0,0,0,0,0,0,0,0.0,0.0,0.0,0.0,0.0
Samooja,Lecce,0,0,0,0,0,0,0,0,0,0,0.0,0.0,0.0,0.0,0.0
Satalino,Sassuolo,0,0,0,0,0,0,0,0,0,0,0.0,0.0,0.0,0.0,0.0
Sava,Udinese,0,0,0,0,0,0,1,0,1,7,5.57,3.5,0.0,0.0,14.0
Scuffet,Pisa,0,0,0,0,0,0,0,0,0,6,6.25,3.75,0.0,0.0,15.0
Semper,Pisa,0,0,0,0,0,0,0,0,4,17,6.18,4.71,0.0,0.0,25.0
Sherri,Cagliari,0,0,0,0,0,0,0,0,0,0,0.0,0.0,0.0,0.0,0.0
Siegrist,Genoa,0,0,0,0,0,0,0,0,0,0,0.0,0.0,0.0,0.0,0.0
Silvestri,Cremonese,0,0,0,0,0,0,0,0,0,4,6.38,4.62,0.0,0.0,7.0
Siviero,Torino,0,0,0,0,0,0,0,0,0,0,0.0,0.0,0.0,0.0,0.0
Skorupski,Bologna,0,0,0,0,0,0,1,1,3,10,6.1,5.15,0.0,0.0,8.0
Sommariva,Genoa,0,0,0,0,0,0,0,0,0,2,5.75,3.75,0.0,0.0,4.0
Sommer,Inter,0,0,0,0,0,0,0,0,10,21,5.9,5.05,0.0,0.0,18.0
Sportiello,Atalanta,0,0,0,0,0,0,0,0,0,0,0.0,0.0,0.0,0.0,0.0
Suzuki,Parma,0,0,1,0,0,0,1,0,3,11,6.0,4.95,0.0,0.0,14.0
Svilar,Roma,0,0,0,0,0,0,0,0,10,23,6.33,5.72,0.0,0.0,14.0
Terracciano,Milan,0,0,0,0,0,0,0,0,1,2,6.0,6.0,0.0,0.0,0.0
Toniolo,Verona,0,0,0,0,0,0,0,0,0,0,0.0,0.0,0.0,0.0,0.0
Tornqvist,Como,0,0,0,0,0,0,0,0,0,0,0.0,0.0,0.0,0.0,0.0
Torriani,Milan,0,0,0,0,0,0,0,0,0,0,0.0,0.0,0.0,0.0,0.0
Turati,Sassuolo,0,0,0,0,0,0,0,0,0,1,5.5,3.5,0.0,0.0,2.0
Vasquez D.,Roma,0,0,0,0,0,0,0,0,0,0,0.0,0.0,0.0,0.0,0.0
Vigorito,Como,0,0,0,0,0,0,0,0,0,0,0.0,0.0,0.0,0.0,0.0
Zelezny,Roma,0,0,0,0,0,0,0,0,0,0,0.0,0.0,0.0,0.0,0.0
Acerbi,Inter,0,0,0,0,0,0,2,0,0,11,6.05,5.95,0.0,0.0,0.0
Ahanor,Atalanta,0,0,0,0,0,0,0,1,0,14,5.79,5.71,0.0,0.0,0.0
Akanji,Inter,0,0,0,0,0,0,3,0,0,20,6.2,6.12,0.0,0.0,0.0
Albiol,Pisa,0,0,0,0,0,0,1,0,0,6,5.83,5.75,0.0,0.0,0.0
Angelino,Roma,0,0,0,0,0,0,1,0,0,5,5.8,5.7,0.0,0.0,0.0
Angori,Pisa,0,0,0,0,0,1,1,0,0,20,5.98,6.0,0.0,0.0,0.0
Arizala,Udinese,0,0,0,0,0,0,0,0,0,0,0.0,0.0,0.0,0.0,0.0
Athekame,Milan,1,0,0,0,0,0,3,0,0,6,5.92,6.17,0.0,0.0,0.0
Barbieri,Cremonese,0,0,0,0,0,1,5,0,0,16,6.09,6.0,0.0,0.0,0.0
Bartesaghi,Milan,2,0,0,0,0,0,1,0,0,18,6.08,6.39,0.0,0.0,0.0
Baschirotto,Cremonese,2,0,0,0,0,0,2,0,0,23,5.91,6.13,0.0,1.0,0.0
Bastoni,Inter,1,0,0,0,0,4,3,0,0,20,6.28,6.55,1.0,0.0,0.0
Belghali,Verona,2,0,0,0,0,0,5,0,0,15,6.3,6.53,0.0,0.0,0.0
Bella-Kotchap,Verona,0,0,0,0,0,0,3,0,0,13,5.88,5.77,0.0,0.0,0.0
Bellanova,Atalanta,0,0,0,0,0,1,1,0,0,13,5.92,5.96,0.0,0.0,0.0
Bernasconi,Atalanta,0,0,0,0,0,1,1,0,0,12,6.17,6.21,0.0,0.0,0.0
Bertola,Udinese,0,0,0,0,0,1,2,0,0,18,5.86,5.86,0.0,0.0,0.0
Beukema,Napoli,1,0,0,0,0,0,2,0,0,11,5.86,6.05,0.0,0.0,0.0
Bianchetti,Cremonese,0,0,0,0,0,1,2,0,0,19,5.79,5.79,0.0,0.0,0.0
Biraghi,Torino,0,0,0,0,0,0,0,0,0,9,5.56,5.56,0.0,0.0,0.0
Bisseck,Inter,1,0,0,0,0,1,2,0,0,12,6.17,6.42,0.0,0.0,0.0
Bonfanti *,Pisa,0,0,0,0,0,0,1,0,0,9,5.61,5.56,0.0,0.0,0.0
Bozhinov,Pisa,0,0,0,0,0,0,1,0,0,1,5.0,4.5,0.0,0.0,0.0
Bradaric,Verona,0,0,0,0,0,0,2,0,0,18,5.78,5.72,0.0,0.0,0.0
Bremer,Juventus,3,0,0,0,0,2,1,0,0,13,6.46,7.27,1.0,0.0,0.0
Britschgi,Parma,0,0,0,0,0,2,3,0,0,18,5.83,5.86,0.0,0.0,0.0
Buongiorno,Napoli,0,0,0,0,0,1,2,0,0,18,6.06,6.06,0.0,0.0,0.0
Cabal,Juventus,2,0,0,0,0,0,1,0,0,7,6.07,6.86,0.0,0.0,0.0
Calabresi,Pisa,0,0,0,0,0,0,5,0,0,15,5.83,5.67,0.0,0.0,0.0
Cambiaso,Juventus,1,1,0,0,0,2,1,1,0,21,5.81,5.88,1.0,0.0,0.0
Candè,Sassuolo,0,0,0,0,0,0,2,0,0,8,5.69,5.56,0.0,0.0,0.0
Canestrelli,Pisa,0,0,0,0,0,0,2,0,0,23,5.72,5.67,0.0,0.0,0.0
Caracciolo A.,Pisa,0,1,0,0,0,0,5,0,0,21,5.86,5.64,0.0,0.0,0.0
Carboni F.,Parma,0,0,0,0,0,0,0,0,0,0,0.0,0.0,0.0,0.0,0.0
Carlos Augusto,Inter,1,0,0,0,0,1,3,0,0,16,6.22,6.38,0.0,0.0,0.0
Casale,Bologna,0,0,0,0,0,0,0,0,0,8,5.56,5.56,0.0,0.0,0.0
Ceccherini,Cremonese,0,0,0,0,0,0,1,1,0,6,5.5,5.25,0.0,0.0,0.0
Celik,Roma,1,0,0,0,0,1,1,1,0,18,6.19,6.33,0.0,0.0,0.0
Cham,Verona,0,0,0,0,0,0,0,0,0,3,5.17,5.17,0.0,0.0,0.0
Circati,Parma,1,0,0,0,0,0,4,0,0,18,6.03,6.08,0.0,0.0,0.0
Coco,Torino,1,0,0,0,0,1,2,0,0,20,5.98,6.12,0.0,0.0,0.0
Comuzzo,Fiorentina,1,0,0,0,0,0,1,0,0,17,5.74,5.88,0.0,0.0,0.0
Coppola F.,Pisa,0,0,0,0,0,0,3,0,0,3,5.0,4.67,0.0,0.0,0.0
Coulibaly W.,Sassuolo,0,0,0,0,0,0,0,0,0,6,5.42,5.42,0.0,0.0,0.0
Cuadrado,Pisa,1,0,0,1,0,0,2,0,0,9,6.11,6.33,0.0,0.0,0.0
Darmian,Inter,0,0,0,0,0,0,0,0,0,1,6.0,6.0,0.0,0.0,0.0
De Silvestri,Bologna,0,0,0,0,0,0,2,0,0,5,6.1,5.9,0.0,0.0,0.0
De Vrij,Inter,0,0,0,0,0,0,0,0,0,3,6.17,6.17,0.0,0.0,0.0
De Winter,Milan,1,0,0,0,0,0,1,0,0,14,5.93,6.11,0.0,0.0,0.0
Delprato,Parma,1,0,0,0,0,0,4,0,0,22,5.89,5.93,0.0,1.0,0.0
Dembelè A. *,Torino,0,0,0,0,0,0,0,0,0,1,5.0,5.0,0.0,0.0,0.0
Denoon,Pisa,0,0,0,0,0,0,1,0,0,2,5.5,5.25,0.0,0.0,0.0
Di Lorenzo,Napoli,1,0,0,0,0,1,1,0,0,23,6.07,6.22,0.0,0.0,0.0
Di Pardo *,Cagliari,0,0,0,0,0,0,0,0,0,1,5.5,5.5,0.0,0.0,0.0
Diego Carlos,Como,0,0,0,0,0,0,5,0,0,15,6.13,5.97,0.0,0.0,0.0
Dimarco,Inter,5,0,0,0,0,9,1,0,0,21,6.71,7.83,0.0,0.0,0.0
Djimsiti,Atalanta,0,0,0,0,0,0,1,0,0,20,5.8,5.78,0.0,0.0,0.0
Dodò,Fiorentina,0,0,0,0,0,2,3,0,0,23,5.89,5.91,0.0,0.0,0.0
Doig,Sassuolo,0,0,0,0,0,0,4,0,0,21,5.88,5.79,0.0,0.0,0.0
Dossena,Cagliari,0,0,0,0,0,0,0,0,0,0,0.0,0.0,0.0,0.0,0.0
Dumfries,Inter,1,0,0,0,0,0,1,0,0,11,6.0,6.23,0.0,0.0,0.0
Ebosse,Torino,0,0,0,0,0,0,1,0,0,3,5.5,5.5,0.0,0.0,0.0
Edmundsson,Verona,0,0,0,0,0,0,0,0,0,0,0.0,0.0,0.0,0.0,0.0
Ehizibue,Udinese,0,0,0,0,0,0,2,0,0,13,5.65,5.58,0.0,0.0,0.0
Esteves T. *,Pis,0,0,0,0,0,0,0,0,0,0,0.0,0.0,0.0,0.0,0.0
Estupinan,Milan,0,0,0,0,0,1,2,1,0,9,5.67,5.56,0.0,0.0,0.0
Faye,Cremonese,0,0,0,0,0,0,1,0,0,6,5.75,5.67,0.0,0.0,0.0
Floriani Mussolini,Cremonese,0,0,0,0,0,0,2,0,0,15,5.73,5.67,0.0,0.0,0.0
Folino,Cremonese,1,0,0,0,0,0,0,0,0,6,6.0,6.5,0.0,0.0,0.0
Fortini,Fiorentina,0,0,0,0,0,0,0,0,0,12,5.96,5.96,0.0,0.0,0.0
Frese,Verona,1,1,0,0,0,0,5,0,0,18,5.81,5.72,0.0,0.0,0.0
Gabbia,Milan,0,0,0,0,0,0,3,0,0,21,5.98,5.9,0.0,0.0,0.0
Gallo,Lecce,0,0,0,0,0,0,2,0,0,23,5.93,5.89,0.0,0.0,0.0
Garcia U.,Sassuolo,0,0,0,0,0,0,0,0,0,0,0.0,0.0,0.0,0.0,0.0
Gaspar K.,Lecce,0,0,0,0,0,0,6,1,0,19,5.84,5.63,0.0,0.0,0.0
Gatti,Juventus,1,0,0,0,0,0,3,0,0,11,5.91,6.05,1.0,0.0,0.0
Ghilardi,Roma,0,0,0,0,0,0,0,0,0,7,5.93,5.93,0.0,0.0,0.0
Gigot,Lazio,0,0,0,0,0,0,0,0,0,0,0.0,0.0,0.0,0.0,0.0
Gila,Lazio,0,0,0,0,0,0,2,1,0,22,5.98,5.89,0.0,0.0,0.0
Goglichidze *,Udinese,0,0,0,0,0,0,2,0,0,6,5.75,5.58,0.0,0.0,0.0
Goldaniga,Como,0,0,0,0,0,0,0,0,0,0,0.0,0.0,0.0,0.0,0.0
Gosens,Fiorentina,2,0,0,0,0,0,2,0,0,16,5.94,6.25,0.0,0.0,0.0
Gutierrez,Napoli,1,0,0,0,0,0,0,0,0,8,5.94,6.31,0.0,0.0,0.0
Heggem,Bologna,0,0,0,0,0,0,0,1,0,20,5.85,5.8,0.0,0.0,0.0
Helland,Bologna,0,0,0,0,0,0,0,0,0,0,0.0,0.0,0.0,0.0,0.0
Hermoso,Roma,1,0,0,0,0,0,6,0,0,17,6.15,6.15,0.0,0.0,0.0
Hien,Atalanta,1,1,0,0,0,0,3,0,0,20,5.88,5.85,0.0,0.0,0.0
Holm,Juventus,1,0,0,0,0,4,1,1,0,10,6.1,6.65,1.0,0.0,0.0
Hysaj,Lazio,0,0,0,0,0,0,0,0,0,2,5.5,5.5,0.0,0.0,0.0
Idrissi R.,Cagliari,2,0,0,0,0,0,2,0,0,14,5.93,6.29,0.0,0.0,0.0
Idzes,Sassuolo,0,0,0,0,0,0,1,0,0,22,5.95,5.93,0.0,0.0,0.0
Ismajli,Torino,0,0,0,0,0,2,3,0,0,15,5.83,5.87,0.0,0.0,0.0
Jean,Lecce,0,0,0,0,0,0,0,0,0,0,0.0,0.0,0.0,0.0,0.0
Joao Mario,Bologna,0,0,0,0,0,1,1,0,0,4,5.75,5.88,0.0,0.0,0.0
Juan Jesus,Napoli,0,0,0,0,0,0,6,0,0,14,5.86,5.64,0.0,0.0,0.0
Kabasele,Udinese,2,0,0,0,0,0,3,0,0,16,6.06,6.34,0.0,1.0,0.0
Kalulu,Juventus,1,0,0,0,0,3,1,0,0,23,6.15,6.39,1.0,0.0,0.0
Kamara H.,Udinese,0,0,0,0,0,1,3,0,0,15,5.87,5.83,0.0,0.0,0.0
Kelly L.,Juventus,1,0,0,0,0,0,3,0,0,20,6.02,6.1,0.0,0.0,0.0
Kempf,Como,3,0,0,0,0,0,1,0,0,15,6.27,6.83,1.0,0.0,0.0
Kolasinac,Atalanta,0,0,0,0,0,0,1,0,0,5,6.2,6.1,0.0,0.0,0.0
Kossounou,Atalanta,1,0,0,0,0,0,0,0,0,10,6.0,6.3,1.0,0.0,0.0
Kouadio,Fiorentina,0,0,0,0,0,0,0,0,0,1,6.0,6.0,0.0,0.0,0.0
Kouassi *,Lecce,0,0,0,0,0,0,0,0,0,4,5.5,5.5,0.0,0.0,0.0
Kristensen T.,Udinese,1,0,0,0,0,0,2,0,0,13,5.85,6.0,0.0,0.0,0.0
Lamptey,Fiorentina,0,0,0,0,0,0,0,0,0,1,6.0,6.0,0.0,0.0,0.0
Lazaro,Torino,0,0,0,0,0,2,2,0,0,22,5.73,5.77,0.0,0.0,0.0
Lazzari,Lazio,0,0,0,0,0,0,2,0,0,13,5.81,5.73,0.0,0.0,0.0
Lirola,Verona,0,0,0,0,0,0,1,0,0,3,5.67,5.5,0.0,0.0,0.0
Lucumì,Bologna,1,0,0,0,0,0,2,0,0,14,5.86,6.0,0.0,0.0,0.0
Luperto,Cremonese,1,0,0,0,0,0,3,0,0,19,5.89,5.97,0.0,1.0,0.0
Lykogiannis,Bologna,0,0,0,0,0,1,3,0,0,7,5.71,5.64,0.0,0.0,0.0
Mancini,Roma,0,0,0,0,0,1,7,0,0,22,6.18,6.07,0.0,0.0,0.0
Marcandalli,Genoa,0,0,0,0,0,1,3,0,0,16,5.94,5.91,0.0,0.0,0.0
Marianucci,Torino,0,0,0,0,0,1,0,0,0,3,5.67,6.0,0.0,0.0,0.0
Maripan,Torino,1,0,0,0,0,0,1,0,0,21,5.98,6.1,1.0,0.0,0.0
Martin,Genoa,1,0,0,0,0,4,2,0,0,19,6.03,6.34,0.0,1.0,0.0
Marusic,Lazio,0,0,0,0,0,1,1,1,0,21,5.83,5.81,0.0,0.0,0.0
Masina *,Torino,0,0,0,0,0,1,0,0,0,4,5.38,5.62,0.0,0.0,0.0
Mateus Lusuardi *,Pisa,0,0,0,0,0,0,1,0,0,3,5.83,5.67,0.0,0.0,0.0
Mazzocchi,Napoli,0,0,0,0,0,0,0,1,0,4,5.75,5.5,0.0,0.0,0.0
Mbambi *,Pis,0,0,0,0,0,0,0,0,0,0,0.0,0.0,0.0,0.0,0.0
Mina,Cagliari,1,0,0,0,0,0,3,0,0,15,6.03,6.13,0.0,0.0,0.0
Miranda J.,Bologna,1,0,0,0,0,0,5,0,0,18,5.94,5.97,0.0,0.0,0.0
Mlacic,Udinese,0,0,0,0,0,0,0,0,0,0,0.0,0.0,0.0,0.0,0.0
Moreno Alb.,Como,1,0,0,0,0,0,1,0,0,8,6.12,6.44,0.0,0.0,0.0
Muharemovic,Sassuolo,2,2,0,0,0,1,4,0,0,20,5.9,5.95,1.0,1.0,0.0
N'Dicka,Roma,0,0,0,0,0,0,4,0,0,18,6.0,5.89,0.0,0.0,0.0
Ndaba,Lecce,0,0,0,0,0,0,0,0,0,6,5.83,5.83,0.0,0.0,0.0
Ndiaye,Parma,0,0,0,0,0,0,2,1,0,7,5.36,5.07,0.0,0.0,0.0
Nelsson,Verona,0,1,0,0,0,0,3,0,0,22,5.59,5.43,0.0,0.0,0.0
Nkounkou,Torino,0,0,0,0,0,1,2,0,0,6,5.75,5.75,0.0,0.0,0.0
Norton-Cuffy,Genoa,1,0,0,0,0,1,3,1,0,21,5.86,5.93,0.0,0.0,0.0
Obert,Cagliari,0,0,0,0,0,2,7,0,0,20,5.85,5.78,0.0,0.0,0.0
Obrador,Torino,0,0,0,0,0,0,0,0,0,2,5.75,5.75,0.0,0.0,0.0
Odenthal *,Sassuolo,0,0,0,0,0,0,0,0,0,0,0.0,0.0,0.0,0.0,0.0
Odogu,Milan,0,0,0,0,0,0,0,0,0,0,0.0,0.0,0.0,0.0,0.0
Olivera,Napoli,0,0,0,0,0,0,2,0,0,11,5.59,5.5,0.0,0.0,0.0
Ostigard,Genoa,4,0,0,0,0,0,6,0,0,17,6.06,6.59,1.0,0.0,0.0
Otoa,Genoa,0,1,0,0,0,0,1,0,0,7,5.57,5.21,0.0,0.0,0.0
Oyegoke,Verona,0,0,0,0,0,0,0,0,0,2,5.0,5.0,0.0,0.0,0.0
Palestra,Cagliari,1,0,0,0,0,4,1,0,0,22,6.43,6.73,1.0,0.0,0.0
Parisi,Fiorentina,0,0,0,0,0,1,4,0,0,14,6.07,6.0,0.0,0.0,0.0
Patric,Lazio,0,0,0,0,0,0,0,0,0,1,6.0,6.0,0.0,0.0,0.0
Pavlovic,Milan,2,0,0,0,0,0,2,0,0,19,6.24,6.5,1.0,0.0,0.0
Paz Y. *,Sassuolo,0,0,0,0,0,0,0,0,0,0,0.0,0.0,0.0,0.0,0.0
Pedersen,Torino,0,0,0,0,0,0,3,0,0,16,5.78,5.69,0.0,0.0,0.0
Pedro Felipe,Sassuolo,0,0,0,0,0,0,0,0,0,0,0.0,0.0,0.0,0.0,0.0
Pellegrini Lu.,Lazio,0,0,0,0,0,0,5,0,0,19,5.87,5.74,0.0,0.0,0.0
Perez M.,Lecce,0,0,0,0,0,0,0,0,0,1,5.0,5.0,0.0,0.0,0.0
Pezzella Giu.,Cremonese,0,0,0,0,0,1,6,0,0,17,5.68,5.56,0.0,0.0,0.0
Pieragnolo,Sassuolo,0,0,0,0,0,0,0,0,0,0,0.0,0.0,0.0,0.0,0.0
Pongracic,Fiorentina,0,0,0,0,0,0,8,0,0,21,5.71,5.52,0.0,0.0,0.0
Provstgaard,Lazio,0,0,0,0,0,0,1,0,0,8,6.06,6.0,0.0,0.0,0.0
Ramon,Como,2,0,0,0,0,0,6,1,0,20,6.28,6.38,0.0,0.0,0.0
Ranieri L.,Fiorentina,1,0,0,0,0,0,5,0,0,18,5.81,5.83,0.0,0.0,0.0
Raterink,Cagliari,0,0,0,0,0,0,0,0,0,0,0.0,0.0,0.0,0.0,0.0
Rensch,Roma,0,0,0,0,0,1,0,0,0,8,6.06,6.19,0.0,0.0,0.0
Rodriguez Ju.,Cagliari,0,0,0,0,0,0,2,0,0,6,5.58,5.42,0.0,0.0,0.0
Romagna,Sassuolo,0,0,0,0,0,0,0,0,0,3,5.5,5.5,0.0,0.0,0.0
Romagnoli,Lazio,0,0,0,0,0,0,4,0,0,20,6.05,5.95,0.0,0.0,0.0
Rouhi *,Juventus,0,0,0,0,0,0,0,0,0,0,0.0,0.0,0.0,0.0,0.0
Rrahmani,Napoli,1,0,0,0,0,0,2,0,0,14,6.21,6.36,0.0,0.0,0.0
Rugani,Fiorentina,0,0,0,0,0,0,0,0,0,4,5.88,5.88,0.0,0.0,0.0
Rui Modesto *,Udinese,0,0,0,0,0,1,0,0,0,2,5.75,6.25,0.0,0.0,0.0
Sabelli,Genoa,0,1,0,0,0,0,0,0,0,5,5.8,5.4,0.0,0.0,0.0
Scalvini,Atalanta,2,0,0,0,0,0,1,0,0,10,6.25,6.8,1.0,0.0,0.0
Schuurs,Torino,0,0,0,0,0,0,0,0,0,0,0.0,0.0,0.0,0.0,0.0
Siebert,Lecce,0,0,0,0,0,0,0,0,0,6,5.5,5.5,0.0,0.0,0.0
Slotsager,Verona,0,0,0,0,0,0,0,0,0,4,5.62,5.62,0.0,0.0,0.0
Smolcic I.,Como,0,0,0,0,0,0,7,0,0,15,5.9,5.67,0.0,0.0,0.0
Solet,Udinese,1,1,0,0,0,1,0,0,0,23,6.04,6.13,0.0,0.0,0.0
Spinazzola,Napoli,2,0,0,0,0,3,1,0,0,18,6.33,6.81,1.0,0.0,0.0
Tavares N.,Lazio,0,0,0,0,0,0,1,0,0,9,5.61,5.56,0.0,0.0,0.0
Tchoca *,Torino,0,0,0,0,0,0,0,0,0,0,0.0,0.0,0.0,0.0,0.0
Terracciano F.,Cremonese,2,1,0,0,0,0,3,0,0,22,5.95,6.07,0.0,0.0,0.0
Tiago Gabriel,Lecce,1,1,0,0,0,0,3,0,0,22,5.93,5.91,0.0,0.0,0.0
Tomori,Milan,0,0,0,0,0,1,4,0,0,19,6.0,5.95,0.0,0.0,0.0
Troilo,Parma,0,0,0,0,0,0,2,1,0,8,5.56,5.31,0.0,0.0,0.0
Tsimikas,Roma,0,0,0,0,0,0,1,0,0,8,5.81,5.75,0.0,0.0,0.0
Valenti,Parma,0,0,0,0,0,0,3,0,0,17,5.94,5.85,0.0,0.0,0.0
Valentini N.,Verona,0,0,0,0,0,0,2,0,0,11,5.68,5.59,0.0,0.0,0.0
Valeri,Parma,0,0,0,0,0,1,2,0,0,19,6.0,6.0,0.0,0.0,0.0
Valle,Como,0,0,0,0,0,2,2,0,0,17,6.09,6.15,0.0,0.0,0.0
Van Der Brempt,Como,0,0,0,0,0,0,2,0,0,6,6.0,5.83,0.0,0.0,0.0
Vasquez,Genoa,0,0,0,0,0,0,1,0,0,23,6.07,6.04,0.0,0.0,0.0
Veiga D.,Lecce,0,0,0,0,0,0,6,0,0,21,5.81,5.67,0.0,0.0,0.0
Vitik,Bologna,0,0,0,0,0,0,3,1,0,11,5.91,5.77,0.0,0.0,0.0
Vojvoda,Como,1,0,0,0,0,1,2,0,0,19,6.08,6.24,0.0,0.0,0.0
Walukiewicz,Sassuolo,0,0,0,0,0,1,4,0,0,22,5.82,5.77,0.0,0.0,0.0
Wesley,Roma,3,0,0,0,0,0,4,0,0,21,6.1,6.43,2.0,0.0,0.0
Zanoli,Udinese,1,0,0,0,0,2,1,0,0,19,6.05,6.29,1.0,0.0,0.0
Zappa,Cagliari,0,0,0,0,0,3,2,0,0,19,5.92,6.03,0.0,0.0,0.0
Zappacosta,Atalanta,0,0,0,0,0,0,2,0,0,20,5.95,5.9,0.0,0.0,0.0
Zatterstrom,Genoa,0,0,0,0,0,0,0,0,0,0,0.0,0.0,0.0,0.0,0.0
Zemura,Udinese,0,0,0,0,0,0,2,0,0,9,5.89,5.78,0.0,0.0,0.0
Ziolkowski,Roma,0,0,0,0,0,0,2,0,0,7,6.07,5.93,0.0,0.0,0.0
Zortea,Bologna,0,0,0,0,0,1,1,0,0,17,5.82,5.85,0.0,0.0,0.0
Zè Pedro,Cagliari,0,0,0,0,0,0,1,0,0,8,5.62,5.56,0.0,0.0,0.0
Adopo,Cagliari,1,0,0,0,0,0,2,0,0,23,5.76,5.85,0.0,0.0,0.0
Adzic,Juventus,1,0,0,0,0,0,0,0,0,4,6.12,6.88,1.0,0.0,0.0
Aebischer,Pisa,1,0,0,0,0,0,4,0,0,22,5.84,5.89,0.0,0.0,0.0
Akinsanmiro,Pisa,0,0,0,0,0,1,2,0,0,13,6.0,6.0,0.0,0.0,0.0
Akpa Akpro,Verona,0,0,0,0,0,0,4,0,0,9,5.89,5.67,0.0,0.0,0.0
Al-Musrati,Verona,0,0,0,0,0,1,3,0,0,8,5.69,5.62,0.0,0.0,0.0
Amorim,Genoa,0,0,0,0,0,0,0,0,0,0,0.0,0.0,0.0,0.0,0.0
Anjorin,Torino,0,0,0,0,0,0,1,0,0,6,5.67,5.58,0.0,0.0,0.0
Asllani *,Torino,0,0,0,0,1,0,3,0,0,14,5.57,5.25,0.0,0.0,0.0
Atta,Udinese,2,0,0,0,0,3,2,0,0,18,6.47,6.92,1.0,0.0,0.0
Bakola,Sassuolo,0,0,0,0,0,0,0,0,0,0,0.0,0.0,0.0,0.0,0.0
Baldanzi,Genoa,1,0,0,0,0,0,2,0,0,9,6.0,6.22,0.0,0.0,0.0
Barella,Inter,1,0,0,0,0,5,4,0,0,22,6.18,6.45,0.0,0.0,0.0
Basic,Lazio,1,0,0,0,0,2,0,1,0,15,6.13,6.4,1.0,0.0,0.0
Baturina,Como,4,0,0,0,0,3,0,0,0,11,6.36,7.73,1.0,1.0,0.0
Belahyane,Lazio,0,0,0,0,0,1,1,1,0,8,5.75,5.69,0.0,0.0,0.0
Berisha M.,Lecce,2,0,0,0,0,3,0,0,0,12,6.17,6.92,1.0,0.0,0.0
Bernabè,Parma,2,0,0,0,0,1,0,0,0,23,6.15,6.46,0.0,0.0,0.0
Bernardeschi,Bologna,1,0,0,0,0,0,2,0,0,12,5.79,5.96,0.0,0.0,0.0
Bernede,Verona,1,0,0,0,0,2,1,0,0,23,5.85,6.04,0.0,0.0,0.0
Boloca,Sassuolo,0,0,0,0,0,0,0,0,0,2,5.75,5.75,0.0,0.0,0.0
Bondo,Cremonese,0,0,0,0,0,0,4,0,0,20,5.9,5.8,0.0,0.0,0.0
Brescianini,Fiorentina,2,0,0,0,0,0,1,0,0,8,6.06,6.75,0.0,1.0,0.0
Calhanoglu,Inter,7,0,0,3,1,2,4,0,0,16,6.5,7.62,1.0,0.0,0.0
Caqueret,Como,1,0,0,0,0,2,1,0,0,16,6.16,6.44,0.0,0.0,0.0
Casadei,Torino,2,0,0,0,0,0,5,0,0,20,5.82,6.0,0.0,0.0,0.0
Cataldi,Lazio,3,0,0,2,0,2,5,0,0,20,6.1,6.52,0.0,1.0,0.0
Collocolo,Cremonese,0,0,0,0,0,0,1,0,0,4,6.0,5.88,0.0,0.0,0.0
Conceicao,Juventus,2,0,0,0,0,1,2,0,0,16,6.19,6.56,0.0,0.0,0.0
Cornet,Genoa,0,0,0,0,1,0,0,0,0,4,5.12,4.38,0.0,0.0,0.0
Coulibaly L.,Lecce,2,0,0,0,0,0,3,0,0,19,6.08,6.32,0.0,0.0,0.0
Cremaschi,Parma,0,0,0,0,0,0,0,0,0,0,0.0,0.0,0.0,0.0,0.0
Cristante,Roma,1,0,0,0,0,0,5,0,0,22,6.11,6.14,0.0,0.0,0.0
Cuenca H. *,Genoa,0,0,0,0,0,0,0,0,0,0,0.0,0.0,0.0,0.0,0.0
Da Cunha,Como,2,0,0,2,0,1,4,0,0,21,6.17,6.4,1.0,0.0,0.0
De Bruyne,Napoli,4,0,0,3,0,0,1,0,0,8,6.38,7.81,0.0,0.0,0.0
De Roon,Atalanta,1,0,0,0,0,1,5,1,0,20,6.08,6.1,0.0,0.0,0.0
Deiola,Cagliari,0,0,0,0,0,1,3,0,0,12,6.04,6.0,0.0,0.0,0.0
Dele-Bashiru,Lazio,0,0,0,0,0,0,0,0,0,7,5.71,5.71,0.0,0.0,0.0
Diouf,Inter,0,0,0,0,0,0,0,0,0,3,5.67,5.67,0.0,0.0,0.0
Ederson D.S.,Atalanta,0,0,0,0,0,0,1,0,0,19,6.11,6.08,0.0,0.0,0.0
Ekkelenkamp,Udinese,3,0,0,0,0,0,0,0,0,19,6.03,6.5,2.0,0.0,0.0
El Aynaoui,Roma,0,0,0,0,0,1,3,0,0,10,6.0,5.95,0.0,0.0,0.0
El Shaarawy,Roma,0,0,0,0,0,2,2,0,0,11,6.09,6.23,0.0,0.0,0.0
Ellertsson,Genoa,1,0,0,0,0,1,1,0,0,21,5.9,6.07,0.0,0.0,0.0
Elmas,Napoli,0,0,0,0,0,1,1,0,0,18,5.69,5.72,0.0,0.0,0.0
Estevez,Parma,0,0,0,0,0,0,2,0,0,14,5.79,5.71,0.0,0.0,0.0
Fabbian,Fiorentina,2,0,0,0,0,0,1,0,0,14,5.82,6.21,0.0,0.0,0.0
Fadera,Sassuolo,2,0,0,0,0,1,3,0,0,21,5.9,6.17,2.0,0.0,0.0
Fagioli,Fiorentina,0,0,0,0,0,3,4,0,0,20,5.92,5.98,0.0,0.0,0.0
Fazzini,Fiorentina,0,0,0,0,0,0,0,0,0,8,5.81,5.81,0.0,0.0,0.0
Felici,Cagliari,2,0,0,0,0,1,3,0,0,11,6.05,6.55,0.0,1.0,0.0
Ferguson,Bologna,1,0,0,0,0,0,4,0,0,15,5.93,6.0,0.0,0.0,0.0
Fofana Sa.,Lecce,0,0,0,0,0,0,0,0,0,0,0.0,0.0,0.0,0.0,0.0
Fofana Y.,Milan,1,0,0,0,0,2,4,0,0,19,5.92,6.08,0.0,0.0,0.0
Folorunsho,Cagliari,1,0,0,0,0,0,3,0,0,16,6.03,6.12,0.0,0.0,0.0
Frattesi,Inter,0,0,0,0,0,0,0,0,0,7,6.0,6.0,0.0,0.0,0.0
Frendrup,Genoa,1,0,0,0,0,0,3,0,0,22,6.02,6.09,0.0,0.0,0.0
Freuler,Bologna,0,1,0,0,0,1,4,0,0,15,6.0,5.8,0.0,0.0,0.0
Gaetano,Cagliari,2,0,0,0,0,3,3,0,0,21,6.05,6.4,1.0,0.0,0.0
Gagliardini,Verona,1,0,0,0,0,0,6,0,0,18,5.97,5.97,0.0,0.0,0.0
Gandelman,Lecce,0,0,0,0,0,0,0,0,0,4,5.88,5.88,0.0,0.0,0.0
Gilmour,Napoli,1,0,0,0,0,0,1,0,0,6,6.0,6.42,0.0,0.0,0.0
Gineitis,Torino,0,0,0,0,0,0,0,0,0,13,5.69,5.69,0.0,0.0,0.0
Gorter,Lecce,0,0,0,0,0,0,0,0,0,1,5.5,5.5,0.0,0.0,0.0
Grassi,Cremonese,0,0,0,0,0,0,2,0,0,16,5.72,5.66,0.0,0.0,0.0
Gronbaek *,Genoa,0,0,0,0,0,0,1,0,0,2,5.5,5.25,0.0,0.0,0.0
Gudmundsson A.,Fiorentina,4,0,0,3,0,3,3,0,0,21,5.98,6.62,1.0,0.0,0.0
Harrison,Fiorentina,0,0,0,0,0,0,0,0,0,1,5.5,5.5,0.0,0.0,0.0
Harroui,Verona,0,0,0,0,0,0,0,0,0,8,5.69,5.69,0.0,0.0,0.0
Helgason,Lecce,0,0,0,0,0,0,0,0,0,3,5.5,5.5,0.0,0.0,0.0
Hojholt,Pisa,0,0,0,0,0,0,1,0,0,6,5.67,5.58,0.0,0.0,0.0
Iannoni,Sassuolo,1,0,0,0,0,0,3,0,0,4,6.0,6.62,0.0,0.0,0.0
Ilic,Torino,0,0,0,0,0,0,2,0,0,7,6.0,5.86,0.0,0.0,0.0
Iling Junior,Pisa,0,0,0,0,0,0,0,0,0,0,0.0,0.0,0.0,0.0,0.0
Ilkhan,Torino,0,0,0,0,0,0,1,0,0,7,5.64,5.57,0.0,0.0,0.0
Isaksen,Lazio,2,0,0,0,0,1,0,0,0,14,6.11,6.61,1.0,0.0,0.0
Jashari,Milan,0,0,0,0,0,0,0,0,0,5,5.9,5.9,0.0,0.0,0.0
Kaba *,Lecce,0,0,0,0,0,0,1,0,0,11,5.77,5.73,0.0,0.0,0.0
Karlstrom,Udinese,1,0,0,0,0,0,4,0,0,23,5.98,6.02,0.0,0.0,0.0
Kastanos *,Verona,0,0,0,0,0,0,0,0,0,1,6.0,6.0,0.0,0.0,0.0
Keita M.,Parma,0,0,0,0,0,0,1,0,0,21,5.93,5.9,0.0,0.0,0.0
Konè I.,Sassuolo,4,0,0,0,0,0,2,1,0,20,6.2,6.7,1.0,0.0,0.0
Konè M.,Roma,2,0,0,0,0,1,2,0,0,22,6.34,6.61,2.0,0.0,0.0
Koopmeiners,Juventus,0,0,0,0,0,0,5,0,0,18,5.67,5.53,0.0,0.0,0.0
Kostic,Juventus,3,0,0,0,0,1,0,0,0,10,6.2,7.2,0.0,0.0,0.0
Lahdo,Como,0,0,0,0,0,0,0,0,0,0,0.0,0.0,0.0,0.0,0.0
Leris,Pisa,1,0,0,0,0,3,1,0,0,20,6.02,6.3,0.0,1.0,0.0
Lipani,Sassuolo,0,0,0,0,0,0,0,0,0,9,5.83,5.83,0.0,0.0,0.0
Liteta,Cagliari,0,0,0,0,0,0,0,0,0,2,5.75,5.75,0.0,0.0,0.0
Lobotka,Napoli,1,0,0,0,0,0,1,0,0,18,6.08,6.22,1.0,0.0,0.0
Locatelli,Juventus,0,0,0,0,0,1,4,0,0,22,6.39,6.34,0.0,0.0,0.0
Loftus-Cheek,Milan,2,0,0,0,0,1,1,0,0,18,6.14,6.5,1.0,0.0,0.0
Lorran,Pisa,1,0,0,0,0,0,0,0,0,4,5.88,6.62,0.0,0.0,0.0
Lovric,Verona,0,0,0,0,0,1,1,0,0,4,5.62,5.75,0.0,0.0,0.0
Loyola,Pisa,0,0,0,0,0,0,0,0,0,1,5.5,5.5,0.0,0.0,0.0
Luis Henrique,Inter,0,0,0,0,0,2,1,0,0,16,5.88,5.97,0.0,0.0,0.0
Maldini,Lazio,0,0,0,0,0,0,1,0,0,7,5.86,5.79,0.0,0.0,0.0
Maleh,Cremonese,0,0,0,0,0,0,2,0,0,9,5.83,5.72,0.0,0.0,0.0
Malinovskyi,Genoa,4,0,0,2,0,3,8,0,0,21,6.12,6.64,0.0,0.0,0.0
Mandragora,Fiorentina,6,0,0,1,0,0,4,0,0,23,6.04,6.74,0.0,1.0,0.0
Marchwinski,Lecce,0,0,0,0,0,0,0,0,0,0,0.0,0.0,0.0,0.0,0.0
Marin M.,Pisa,0,0,0,0,0,0,4,0,0,16,5.84,5.72,0.0,0.0,0.0
Masini,Genoa,0,0,0,0,0,0,4,0,0,15,5.93,5.8,0.0,0.0,0.0
Matic,Sassuolo,1,0,0,0,0,1,4,0,0,22,6.09,6.18,0.0,0.0,0.0
Mazzitelli,Cagliari,2,0,0,0,0,2,3,0,0,9,6.33,7.11,1.0,0.0,0.0
McKennie,Juventus,3,0,0,0,0,2,4,0,0,20,6.18,6.62,0.0,1.0,0.0
McTominay,Napoli,5,0,0,0,0,2,1,0,0,22,6.36,7.11,1.0,0.0,0.0
Messias,Genoa,1,0,0,0,0,0,0,0,0,7,6.14,6.57,1.0,0.0,0.0
Miller L.,Udinese,0,0,0,0,0,0,2,0,0,8,5.88,5.75,0.0,0.0,0.0
Miretti,Juventus,1,0,0,0,0,1,1,0,0,9,6.22,6.61,0.0,0.0,0.0
Mkhitaryan,Inter,1,0,0,0,0,0,2,0,0,17,6.12,6.24,0.0,0.0,0.0
Modric,Milan,1,0,0,0,0,3,3,0,0,21,6.5,6.71,1.0,0.0,0.0
Moro N.,Bologna,1,0,0,0,0,0,1,0,0,16,5.88,6.03,0.0,0.0,0.0
Musah,Atalanta,0,0,0,0,0,0,1,0,0,11,5.95,5.91,0.0,0.0,0.0
Ndour,Fiorentina,1,0,0,0,0,0,1,0,0,16,5.72,5.88,0.0,0.0,0.0
Neres,Napoli,3,0,0,0,0,3,3,0,0,16,6.19,6.84,2.0,0.0,0.0
Ngom,Lecce,0,0,0,0,0,0,0,0,0,0,0.0,0.0,0.0,0.0,0.0
Niasse,Verona,0,0,0,0,0,1,1,0,0,13,5.85,5.88,0.0,0.0,0.0
Nicolussi Caviglia,Parma,0,0,0,0,0,1,4,0,0,9,5.61,5.61,0.0,0.0,0.0
Odgaard,Bologna,4,0,0,0,0,1,1,0,0,16,5.91,6.69,0.0,1.0,0.0
Onana J.,Genoa,0,0,0,0,0,0,0,0,0,1,5.5,5.5,0.0,0.0,0.0
Ondrejka,Parma,0,0,0,0,0,0,1,0,0,11,5.64,5.59,0.0,0.0,0.0
Ordonez C.,Parma,0,0,0,0,0,0,2,1,0,9,5.61,5.39,0.0,0.0,0.0
Oristanio,Parma,0,0,0,0,0,0,1,0,0,12,5.71,5.67,0.0,0.0,0.0
Orsolini,Bologna,7,0,0,3,1,1,2,0,0,21,6.1,6.95,0.0,0.0,0.0
Pasalic,Atalanta,2,0,0,0,0,2,2,0,0,18,5.94,6.33,0.0,0.0,0.0
Payero,Cremonese,1,0,0,0,0,0,6,0,0,15,6.03,6.03,0.0,0.0,0.0
Paz N.,Como,8,0,0,0,2,5,4,0,0,23,6.43,7.35,0.0,0.0,0.0
Pellegrini Lo.,Roma,3,0,0,2,0,0,2,0,0,15,6.1,6.63,1.0,1.0,0.0
Perrone,Como,2,0,0,0,0,3,7,0,0,21,6.29,6.55,0.0,1.0,0.0
Piccinini G.,Pisa,0,0,0,0,0,0,2,0,0,12,5.92,5.83,0.0,0.0,0.0
Pierotti,Lecce,0,0,0,0,0,0,1,0,0,22,5.77,5.75,0.0,0.0,0.0
Pierret *,Lecce,0,0,0,0,0,0,0,0,0,1,6.0,6.0,0.0,0.0,0.0
Piotrowski,Udinese,1,0,0,0,0,0,2,0,0,20,5.9,6.0,0.0,0.0,0.0
Pisilli,Roma,0,0,0,0,0,1,0,0,0,7,6.07,6.21,0.0,0.0,0.0
Pobega,Bologna,2,0,0,0,0,1,1,0,0,16,5.88,6.28,1.0,0.0,0.0
Politano,Napoli,0,0,0,0,0,3,1,0,0,20,6.02,6.15,0.0,0.0,0.0
Prati,Torino,1,0,0,0,0,0,5,0,0,20,5.88,5.9,0.0,0.0,0.0
Przyborek,Lazio,0,0,0,0,0,0,0,0,0,0,0.0,0.0,0.0,0.0,0.0
Pulisic,Milan,8,0,0,0,1,2,0,0,0,15,6.53,8.07,4.0,0.0,0.0
Rabiot,Milan,4,0,0,0,0,4,3,0,0,16,6.59,7.5,0.0,0.0,0.0
Ramadani,Lecce,0,0,0,0,0,0,7,0,0,22,5.84,5.68,0.0,0.0,0.0
Ricci S.,Milan,1,0,0,0,0,1,1,0,0,17,6.12,6.35,0.0,0.0,0.0
Rovella,Lazio,0,0,0,0,0,1,2,0,0,6,5.83,5.83,0.0,0.0,0.0
Rowe,Bologna,0,0,0,0,0,1,2,0,0,14,6.07,6.07,0.0,0.0,0.0
Sabiri,Fiorentina,0,0,0,0,0,0,0,0,0,1,5.5,5.5,0.0,0.0,0.0
Saelemaekers,Milan,2,0,0,0,0,3,2,0,0,22,6.27,6.64,0.0,0.0,0.0
Sala A.,Lecce,0,0,0,0,0,1,0,0,0,4,5.75,6.0,0.0,0.0,0.0
Samardzic,Atalanta,1,0,0,0,0,2,1,0,0,12,5.96,6.33,0.0,0.0,0.0
Santos A.,Napoli,0,0,0,0,0,0,0,0,0,0,0.0,0.0,0.0,0.0,0.0
Serdar,Verona,2,0,0,0,0,0,2,0,0,17,6.0,6.29,0.0,1.0,0.0
Sergi Roberto,Como,0,0,0,0,0,0,2,0,0,7,5.93,5.79,0.0,0.0,0.0
Sohm,Bologna,0,0,0,0,0,1,2,0,0,14,5.61,5.61,0.0,0.0,0.0
Sorensen O.,Parma,1,0,0,0,0,0,2,0,0,20,5.8,5.9,1.0,0.0,0.0
Sottil,Lecce,1,0,0,0,0,1,1,0,0,17,6.03,6.24,1.0,0.0,0.0
Stanciu *,Gen,0,0,0,0,1,0,0,0,0,4,5.5,4.75,0.0,0.0,0.0
Stengs,Pisa,0,0,0,0,0,0,0,0,0,0,0.0,0.0,0.0,0.0,0.0
Strefezza,Parma,0,0,0,0,0,0,0,0,0,0,0.0,0.0,0.0,0.0,0.0
Sucic P.,Inter,1,0,0,0,0,2,3,0,0,16,6.09,6.31,0.0,0.0,0.0
Sulemana I.,Cagliari,1,0,0,0,0,0,1,0,0,4,5.88,6.5,0.0,0.0,0.0
Suslov,Verona,0,0,0,0,0,0,0,0,0,0,0.0,0.0,0.0,0.0,0.0
Tameze,Torino,0,0,0,0,0,0,2,0,0,17,5.65,5.59,0.0,0.0,0.0
Taylor K.,Lazio,1,0,0,0,0,0,0,0,0,4,5.75,6.5,0.0,0.0,0.0
Tete Morente *,Lecce,0,0,0,0,0,1,2,0,0,15,5.57,5.57,0.0,0.0,0.0
Thorsby,Cremonese,2,0,0,0,0,1,2,0,0,12,6.21,6.71,1.0,0.0,0.0
Thorstvedt,Sassuolo,2,0,0,0,0,1,6,0,0,17,6.12,6.35,0.0,1.0,0.0
Thuram K.,Juventus,1,0,0,0,0,1,0,0,0,21,6.17,6.36,0.0,0.0,0.0
Tourè I.,Pisa,1,0,0,0,0,0,2,1,0,21,5.9,5.95,1.0,0.0,0.0
Tramoni M.,Pisa,2,0,0,1,0,2,3,0,0,19,5.76,6.13,0.0,0.0,0.0
Vandeputte,Cremonese,0,0,0,0,0,4,2,0,0,21,6.12,6.26,0.0,0.0,0.0
Vecino *,Lazio,0,0,0,0,0,1,1,0,0,12,5.92,5.96,0.0,0.0,0.0
Venturino,Roma,0,0,0,0,0,0,0,0,0,2,5.75,5.75,0.0,0.0,0.0
Vergara,Napoli,1,0,0,0,0,0,1,0,0,3,6.5,7.33,0.0,0.0,0.0
Vlasic,Torino,5,0,0,3,0,3,5,0,0,23,6.0,6.67,2.0,0.0,0.0
Volpato,Sassuolo,1,0,0,0,0,4,2,0,0,12,6.25,6.75,0.0,0.0,0.0
Vranckx,Sassuolo,0,0,0,0,0,0,2,0,0,12,5.62,5.54,0.0,0.0,0.0
Vural,Pisa,0,0,0,0,0,0,3,0,0,8,5.81,5.62,0.0,0.0,0.0
Zaccagni,Lazio,3,0,0,0,0,0,6,1,0,19,6.0,6.26,0.0,0.0,0.0
Zalewski,Atalanta,1,0,0,0,0,3,1,0,0,17,6.15,6.47,0.0,0.0,0.0
Zambo Anguissa,Napoli,4,0,0,0,0,1,1,0,0,11,6.5,7.64,2.0,0.0,0.0
Zaniolo,Udinese,5,0,0,0,0,1,5,0,0,18,6.25,7.0,1.0,1.0,0.0
Zaragoza,Roma,0,0,0,0,0,0,0,0,0,0,0.0,0.0,0.0,0.0,0.0
Zarraga,Udinese,0,0,0,0,0,0,1,0,0,4,5.75,5.62,0.0,0.0,0.0
Zerbin,Cremonese,0,0,0,0,0,2,1,0,0,17,5.79,5.88,0.0,0.0,0.0
Zhegrova,Juventus,0,0,0,0,0,0,0,0,0,7,6.07,6.07,0.0,0.0,0.0
Zielinski,Inter,4,0,0,1,0,1,0,0,0,16,6.44,7.25,0.0,0.0,0.0
Aboukhlal,Torino,0,0,0,0,0,0,3,0,0,9,5.72,5.61,0.0,0.0,0.0
Adams C.,Torino,4,0,0,0,0,1,0,0,0,21,6.0,6.62,0.0,1.0,0.0
Addai,Como,3,0,0,0,0,0,4,0,0,11,6.0,6.64,2.0,0.0,0.0
Albarracin,Cagliari,0,0,0,0,0,0,0,0,0,0,0.0,0.0,0.0,0.0,0.0
Almqvist,Parma,0,0,0,0,0,0,0,0,0,8,5.88,5.88,0.0,0.0,0.0
Ambrosino *,Napoli,0,0,0,0,0,0,0,0,0,1,5.5,5.5,0.0,0.0,0.0
Arena A.,Roma,0,0,0,0,0,0,0,0,0,0,0.0,0.0,0.0,0.0,0.0
Balentien,Milan,0,0,0,0,0,0,0,0,0,0,0.0,0.0,0.0,0.0,0.0
Banda,Lecce,2,0,0,0,0,2,4,1,0,18,5.97,6.25,1.0,0.0,0.0
Bayo V.,Udinese,0,0,0,0,0,1,0,0,0,8,5.75,5.88,0.0,0.0,0.0
Belotti,Cagliari,2,0,0,1,0,0,0,0,0,3,6.33,8.33,1.0,0.0,0.0
Benedyczak *,Parma,1,0,0,1,0,1,1,0,0,10,5.95,6.3,1.0,0.0,0.0
Berardi,Sassuolo,5,0,0,2,0,3,2,0,0,13,6.5,7.81,1.0,0.0,0.0
Boga,Juventus,0,0,0,0,0,0,0,0,0,0,0.0,0.0,0.0,0.0,0.0
Bonazzoli,Cremonese,5,0,0,1,0,2,3,0,0,20,6.12,6.9,3.0,0.0,0.0
Bonny,Inter,5,0,0,0,0,3,0,0,0,14,6.32,7.61,2.0,0.0,0.0
Borrelli,Cagliari,3,0,0,0,0,1,3,0,0,21,5.95,6.36,0.0,0.0,0.0
Bowie,Verona,0,0,0,0,0,0,0,0,0,0,0.0,0.0,0.0,0.0,0.0
Buffon L. *,Pisa,0,0,0,0,0,0,0,0,0,0,0.0,0.0,0.0,0.0,0.0
Buksa,Udinese,1,0,0,0,0,0,1,0,0,12,6.0,6.62,1.0,0.0,0.0
Camarda,Lecce,1,0,0,0,1,0,1,0,0,16,5.66,5.62,0.0,1.0,0.0
Cambiaghi,Bologna,3,0,0,0,0,4,3,1,0,18,6.06,6.64,1.0,0.0,0.0
Cancellieri,Lazio,3,0,0,0,0,0,4,0,0,16,6.03,6.47,1.0,0.0,0.0
Castro S.,Bologna,6,0,0,0,0,1,1,0,0,20,6.08,7.0,2.0,0.0,0.0
Cheddira,Lecce,1,0,0,0,0,0,1,0,0,9,5.78,6.11,0.0,0.0,0.0
Colombo,Genoa,5,0,0,0,1,1,1,0,0,22,5.86,6.43,0.0,0.0,0.0
Cutrone *,Parma,1,0,0,0,0,0,0,0,0,14,5.71,5.93,0.0,1.0,0.0
Dallinga,Bologna,1,0,0,0,0,1,1,0,0,15,5.77,6.0,1.0,0.0,0.0
David,Juventus,5,0,0,0,1,2,0,0,0,19,5.87,6.61,2.0,0.0,0.0
Davis K.,Udinese,7,0,0,3,0,3,4,0,0,22,6.27,7.27,0.0,1.0,0.0
De Ketelaere,Atalanta,3,0,0,0,0,3,2,0,0,21,6.17,6.69,2.0,0.0,0.0
Dia,Lazio,1,0,0,0,0,0,0,0,0,14,5.57,5.79,0.0,0.0,0.0
Diao,Como,0,0,0,0,0,0,0,0,0,6,5.75,5.75,0.0,0.0,0.0
Djuric,Cremonese,1,0,0,1,0,0,1,0,0,2,7.0,10.0,0.0,0.0,0.0
Dominguez B.,Bologna,0,0,0,0,0,3,1,0,0,9,5.89,6.17,0.0,0.0,0.0
Douvikas,Como,8,0,0,1,0,0,0,0,0,21,6.17,7.31,2.0,0.0,0.0
Dovbyk,Roma,3,0,0,0,0,1,0,0,0,12,6.0,6.83,2.0,0.0,0.0
Durosinmi,Pisa,1,0,0,0,0,1,0,0,0,3,6.33,7.67,0.0,1.0,0.0
Dybala,Roma,2,0,0,0,1,3,0,0,0,17,6.09,6.44,1.0,0.0,0.0
Ekhator,Genoa,2,0,0,0,0,0,3,0,0,15,5.93,6.27,0.0,0.0,0.0
Ekuban,Genoa,2,0,0,0,0,1,0,0,0,17,5.97,6.38,0.0,1.0,0.0
Elphege,Parma,0,0,0,0,0,0,0,0,0,0,0.0,0.0,0.0,0.0,0.0
Esposito F.P.,Inter,3,0,0,0,0,3,1,0,0,18,6.33,6.97,2.0,0.0,0.0
Esposito Se.,Cagliari,3,0,0,0,0,4,4,0,0,22,6.23,6.73,0.0,0.0,0.0
Ferguson E.,Roma,3,0,0,0,0,2,1,0,0,14,6.11,6.86,2.0,0.0,0.0
Frigan,Parma,0,0,0,0,0,0,0,0,0,0,0.0,0.0,0.0,0.0,0.0
Fullkrug,Milan,1,0,0,0,0,0,0,0,0,6,6.08,6.58,1.0,0.0,0.0
Gimenez,Milan,0,0,0,0,0,0,1,0,0,9,5.56,5.5,0.0,0.0,0.0
Giovane,Napoli,3,0,0,0,0,4,2,0,0,22,6.02,6.57,1.0,0.0,0.0
Gueye,Udinese,0,0,0,0,0,0,1,0,0,5,5.6,5.5,0.0,0.0,0.0
Hojlund,Napoli,6,0,0,0,0,2,1,0,0,19,6.03,7.05,3.0,0.0,0.0
Immobile *,Bologna,0,0,0,0,0,0,1,0,0,6,5.58,5.5,0.0,0.0,0.0
Isaac,Verona,0,0,0,0,0,0,0,0,0,1,6.0,6.0,0.0,0.0,0.0
Johnsen *,Cremonese,1,0,0,0,0,1,0,0,0,9,5.83,6.28,0.0,0.0,0.0
Kean,Fiorentina,5,0,0,1,0,1,3,0,0,20,5.82,6.55,1.0,1.0,0.0
Kilicsoy,Cagliari,4,0,0,0,0,0,1,0,0,10,6.4,7.6,1.0,0.0,0.0
Kouamè,Fiorentina,0,0,0,0,0,0,0,0,0,1,6.0,6.0,0.0,0.0,0.0
Krstovic,Atalanta,6,0,0,0,0,4,2,0,0,18,6.08,7.25,0.0,0.0,0.0
Kuhn,Como,1,0,0,0,0,0,0,0,0,11,5.95,6.23,0.0,0.0,0.0
Kulenovic,Torino,0,0,0,0,0,0,0,0,0,0,0.0,0.0,0.0,0.0,0.0
Laurientè,Sassuolo,3,0,0,0,0,3,2,0,0,22,6.09,6.59,0.0,1.0,0.0
Leao,Milan,7,0,0,2,0,2,1,0,0,16,6.12,7.53,2.0,1.0,0.0
Lookman *,Atalanta,2,0,0,0,0,0,0,0,0,10,5.8,6.4,0.0,1.0,0.0
Lukaku,Napoli,0,0,0,0,0,0,0,0,0,0,0.0,0.0,0.0,0.0,0.0
Luvumbo *,Cagliari,0,0,0,0,0,0,0,0,0,10,5.8,5.8,0.0,0.0,0.0
Malen,Roma,1,0,0,0,0,0,0,0,0,3,6.0,7.0,1.0,0.0,0.0
Martinez L.,Inter,13,0,0,0,0,4,3,0,0,23,6.41,8.22,7.0,0.0,0.0
Meister,Pisa,2,0,0,0,0,0,1,0,0,18,5.75,6.06,0.0,1.0,0.0
Milik,Juventus,0,0,0,0,0,0,0,0,0,0,0.0,0.0,0.0,0.0,0.0
Morata,Como,0,0,0,0,1,0,1,0,0,12,5.5,5.21,0.0,0.0,0.0
Moreo,Pisa,5,0,0,1,0,0,1,0,0,20,6.08,6.8,0.0,1.0,0.0
Moro L.,Sassuolo,0,0,0,0,0,0,1,0,0,5,5.7,5.6,0.0,0.0,0.0
Mosquera,Verona,0,0,0,0,0,2,1,0,0,12,5.96,6.08,0.0,0.0,0.0
Moumbagna,Cremonese,0,0,0,0,0,0,0,0,0,5,5.6,5.6,0.0,0.0,0.0
N'Dri,Lecce,2,0,0,0,0,0,2,0,0,9,6.0,6.56,0.0,0.0,0.0
Ngonge *,Torino,1,0,0,0,0,1,2,0,0,17,5.82,6.0,0.0,0.0,0.0
Njie,Torino,1,0,0,0,0,1,1,0,0,4,5.75,6.75,0.0,0.0,0.0
Nkunku,Milan,5,0,0,3,0,2,0,0,0,15,6.03,7.17,0.0,1.0,0.0
Noslin,Lazio,2,0,0,0,0,0,0,1,0,10,5.8,6.3,0.0,0.0,0.0
Nzola,Sassuolo,3,0,0,2,1,0,1,1,0,16,5.91,6.19,0.0,0.0,0.0
Okereke,Cremonese,0,0,0,0,0,0,0,0,0,2,6.0,6.0,0.0,0.0,0.0
Openda,Juventus,1,0,0,0,0,0,0,0,0,13,5.85,6.08,1.0,0.0,0.0
Orban G.,Verona,7,0,0,2,0,1,4,0,0,20,6.0,7.0,1.0,1.0,0.0
Pavoletti,Cagliari,0,0,0,0,0,0,1,0,0,3,6.0,5.83,0.0,0.0,0.0
Pedro,Lazio,2,0,0,2,0,1,2,0,0,13,6.04,6.5,0.0,1.0,0.0
Pellegrino M.,Parma,6,0,0,1,0,0,3,0,0,23,6.04,6.76,3.0,1.0,0.0
Piccoli,Fiorentina,2,0,0,0,0,0,0,0,0,18,5.72,6.06,1.0,0.0,0.0
Pierini *,Sassuolo,0,0,0,0,0,0,1,0,0,4,6.0,5.88,0.0,0.0,0.0
Pinamonti,Sassuolo,4,0,0,0,1,2,1,0,0,22,5.82,6.3,2.0,0.0,0.0
Raspadori,Atalanta,1,0,0,0,0,0,0,0,0,2,6.25,7.75,0.0,0.0,0.0
Ratkov,Lazio,0,0,0,0,0,0,0,0,0,4,5.62,5.62,0.0,0.0,0.0
Rodriguez Je.,Como,0,0,0,0,0,5,1,1,0,19,6.11,6.29,0.0,0.0,0.0
Sanabria,Cremonese,1,0,0,0,0,1,2,0,0,14,5.89,6.11,0.0,0.0,0.0
Sarr A.,Verona,0,0,0,0,0,0,0,1,0,22,5.7,5.66,0.0,0.0,0.0
Scamacca,Atalanta,6,0,0,2,0,1,2,0,0,15,6.17,7.37,2.0,1.0,0.0
Simeone,Torino,5,0,0,0,0,0,0,0,0,17,6.09,6.97,2.0,0.0,0.0
Skjellerup *,Sassuolo,0,0,0,0,0,0,0,0,0,0,0.0,0.0,0.0,0.0,0.0
Solomon,Fiorentina,1,0,0,0,0,0,0,0,0,5,6.0,6.6,0.0,0.0,0.0
Soulè,Roma,6,0,0,0,0,4,1,0,0,22,6.18,7.16,1.0,0.0,0.0
Stojilkovic,Pisa,0,0,0,0,0,0,0,0,0,1,5.5,5.5,0.0,0.0,0.0
Stulic,Lecce,2,0,0,0,0,0,1,0,0,21,5.69,5.95,1.0,0.0,0.0
Sulemana K.,Atalanta,2,0,0,0,0,1,3,0,0,13,6.04,6.46,0.0,0.0,0.0
Thuram,Inter,6,0,0,0,0,3,2,0,0,17,6.38,7.56,0.0,0.0,0.0
Trepy,Cagliari,0,0,0,0,0,0,0,0,0,0,0.0,0.0,0.0,1.0,0.0
Vardy,Cremonese,5,0,0,0,0,0,4,0,0,19,5.95,6.63,1.0,0.0,0.0
Vaz,Roma,0,0,0,0,0,0,0,0,0,2,5.75,5.75,0.0,0.0,0.0
Vitinha O.,Genoa,3,0,0,0,0,1,3,0,0,19,5.97,6.42,0.0,0.0,0.0
Vlahovic,Juventus,3,0,0,1,0,0,0,0,0,13,5.96,6.65,1.0,0.0,0.0
Yildiz,Juventus,8,0,0,1,1,4,2,0,0,22,6.52,7.61,1.0,0.0,0.0
Zapata D.,Torino,1,0,0,0,1,0,0,0,0,13,5.62,5.62,0.0,0.0,0.0
Ajayi *,nan,0,0,0,0,0,0,0,0,0,0,0.0,0.0,0.0,0.0,0.0
Aramu *,nan,0,0,0,0,0,0,0,0,0,0,0.0,0.0,0.0,0.0,0.0
Bailey *,nan,0,0,0,0,0,0,0,0,0,5,5.7,5.7,0.0,0.0,0.0
Bakker *,nan,0,0,0,0,0,0,0,0,0,0,0.0,0.0,0.0,0.0,0.0
Bayeye *,nan,0,0,0,0,0,0,0,0,0,0,0.0,0.0,0.0,0.0,0.0
Bonifazi *,nan,0,0,0,0,0,0,0,0,0,0,0.0,0.0,0.0,0.0,0.0
Carboni V. *,Gen,0,0,0,0,0,0,2,0,0,10,5.7,5.6,0.0,0.0,0.0
Castellanos *,Laz,2,0,0,0,0,3,2,0,0,11,6.09,6.82,0.0,0.0,0.0
Cerri *,nan,0,0,0,0,0,0,0,0,0,0,0.0,0.0,0.0,0.0,0.0
Dzeko *,Fiorentina,0,0,0,0,0,0,1,0,0,8,5.62,5.56,0.0,0.0,0.0
Fernandes S.* *,nan,0,0,0,0,0,0,0,0,0,0,0.0,0.0,0.0,0.0,0.0
Fini *,Genoa,0,0,0,0,0,0,0,0,0,1,5.5,5.5,0.0,0.0,0.0
Guaita *,Parma,0,0,0,0,0,0,0,0,0,0,0.0,0.0,0.0,0.0,0.0
Guilbert *,nan,0,0,0,0,0,0,0,0,0,0,0.0,0.0,0.0,0.0,0.0
Hernani *,Par,0,0,0,0,0,0,0,0,0,3,5.67,5.67,0.0,0.0,0.0
Kovac *,nan,0,0,0,0,0,0,0,0,0,0,0.0,0.0,0.0,0.0,0.0
Kovacik *,nan,0,0,0,0,0,0,0,0,0,0,0.0,0.0,0.0,0.0,0.0
Lang *,Napoli,1,0,0,0,0,2,2,0,0,14,6.04,6.32,0.0,0.0,0.0
Lordkipanidze *,nan,0,0,0,0,0,0,0,0,0,0,0.0,0.0,0.0,0.0,0.0
Lovik *,Par,0,0,0,0,0,0,0,0,0,6,5.58,5.58,0.0,0.0,0.0
Lucca *,nan,1,0,0,0,0,0,1,0,0,9,5.72,6.0,1.0,0.0,0.0
Martinelli T. *,Fio,0,0,0,0,0,0,0,0,0,0,0.0,0.0,0.0,0.0,0.0
Munoz *,nan,0,0,0,0,0,0,0,0,0,0,0.0,0.0,0.0,0.0,0.0
Pafundi *,Udi,0,0,0,0,0,0,0,0,0,0,0.0,0.0,0.0,0.0,0.0
Palacios T. *,Inter,0,0,0,0,0,0,0,0,0,0,0.0,0.0,0.0,0.0,0.0
Palma *,Udi,0,0,0,0,0,0,0,0,0,4,5.5,5.5,0.0,0.0,0.0
Penev *,nan,0,0,0,0,0,0,0,0,0,0,0.0,0.0,0.0,0.0,0.0
Perciun *,nan,0,0,0,0,0,0,0,0,0,0,0.0,0.0,0.0,0.0,0.0
Pintus *,nan,0,0,0,0,0,0,0,0,0,0,0.0,0.0,0.0,0.0,0.0
Popa *,Torino,0,0,0,0,0,0,0,0,0,0,0.0,0.0,0.0,0.0,0.0
Posch *,nan,1,0,0,0,0,0,1,0,0,8,6.06,6.38,1.0,0.0,0.0
Radunovic *,Cag,0,0,0,0,0,0,0,0,0,0,0.0,0.0,0.0,0.0,0.0
Razi *,nan,0,0,0,0,0,0,0,0,0,0,0.0,0.0,0.0,0.0,0.0
Richardson *,Fiorentina,0,0,0,0,0,0,0,0,0,1,5.5,5.5,0.0,0.0,0.0
Rog *,Cag,0,0,0,0,0,0,0,0,0,0,0.0,0.0,0.0,0.0,0.0
Sangare *,nan,0,0,0,0,0,0,0,0,0,0,0.0,0.0,0.0,0.0,0.0
Sarmiento J. *,Cremonese,0,0,0,0,0,0,0,0,0,5,5.9,5.9,0.0,0.0,0.0
Savva *,nan,0,0,0,0,0,0,0,0,0,0,0.0,0.0,0.0,0.0,0.0
Sazonov *,nan,0,0,0,0,0,0,0,0,0,0,0.0,0.0,0.0,0.0,0.0
Sernicola *,Cre,0,0,0,0,0,0,0,0,0,0,0.0,0.0,0.0,0.0,0.0
Unai Nunez *,nan,0,1,0,0,0,0,5,0,0,17,5.85,5.59,0.0,0.0,0.0
Vazquez *,Cremonese,1,0,0,0,0,2,1,0,0,13,6.15,6.54,0.0,0.0,0.0
Vinciguerra *,nan,0,0,0,0,0,0,0,0,0,0,0.0,0.0,0.0,0.0,0.0
Zacchi *,nan,0,0,0,0,0,0,0,0,0,0,0.0,0.0,0.0,0.0,0.0
